name,taste
彩虹蛋糕,甜
经典彩虹6寸,甜
榴莲千层,甜
黑森林切块,甜
马卡龙,甜
榴莲盒子慕斯蛋糕,甜
草莓抱抱,甜
翻糖迷你蛋糕,甜
酸奶慕斯,甜
蔓越莓曲奇饼干,甜
咖啡ufo,甜
甜点,甜
榴莲爆浆芝士,甜
朗姆酒经典芝士,甜
卡布奇诺,甜
热可可,甜
栗子蛋糕,甜
红丝绒切块,甜
巧克力慕斯,甜
推推乐,甜
蛋黄酥（4粒）,甜
可可奶昔包,甜
芒果盒子慕斯蛋糕,甜
甜心物语,甜
彩虹面包,甜
摩卡,甜
抹茶盒子慕斯蛋糕,甜
经典冻芝士,甜
芝士蛋糕,甜
淡奶油,甜
奶油蛋糕,甜
心太软,甜
迷你泡芙,甜
拿破仑切块,甜
丹麦吐司,甜
玫瑰之约,甜
布朗尼,甜
树莓恋人,甜
乳酪墨西哥,甜
水果捞蛋糕,甜
蛋糕胚,甜
吸吸包,甜
红枣姜汤,甜
巧克力泡芙,甜
草莓酸奶,甜
神秘九宫格,甜
树莓慕斯,甜
玫瑰水果茶,甜
椰蓉土司,甜
彩虹很芒,甜
拿破仑,甜
黑色泡芙,甜
奥利奥面包,甜
丹麦奶酥,甜
脆皮芝士,甜
彩虹蛋糕,甜
牛角包,甜
提拉米苏杯,甜
乳酪蛋糕,甜
奶油蛋糕,甜
杂粮欧包,甜
抹茶红豆麻薯包,甜
全麦面包,甜
三明治,咸
蔓越莓乳酪,甜
黑森林,甜
菠萝包,甜
巧克力泡芙,甜
芝士面包,甜
红豆土司,甜
水果花园,甜
六英寸小蛋糕,甜
奶酪包,甜
摩卡蛋糕,甜
提拉米苏,甜
摩卡杏仁,甜
彩虹卷,甜
巧克力芝士,甜
酥皮丹麦热狗,甜
榴莲酥,甜
四季水果,甜
福寿安康,甜
水果忍者,甜
麋鹿,甜
酒醉探戈,甜
巧克力乐园,甜
抹茶泡芙,甜
水果蛋糕,甜
生日蛋糕8寸,甜
松松蛋糕,甜
柠檬之恋,甜
草莓蛋糕,甜
水果王国,甜
盛夏,甜
瑞士卷,甜
香蕉慕斯,甜
摩卡坚果,甜
奶香片,甜
全麦营养餐包,甜
草莓甜心,甜
水果,甜
奶油蛋糕,甜
白雪公主,甜
四拼蛋糕,甜
小公主蛋糕,甜
翻糖原创米奇蛋糕,甜
黑森林,甜
含香果蛋糕,甜
菠萝果肉,甜
春色满园,甜
黄桃千层蛋糕,甜
芭比娃娃蛋糕,甜
喜羊羊蛋糕,甜
草莓之约,甜
情意绵绵,甜
蛋糕胚,甜
数码照片创意蛋糕,甜
幸福满满,甜
蛋糕坯子,甜
黑森林蛋糕巧克力,甜
心形蛋糕,甜
步步高升蛋糕,甜
巧克力宝,甜
粉皇冠,甜
玫瑰心语,甜
抹茶慕斯,甜
草莓之,甜
叮当猫蛋糕,甜
恭喜发财,甜
不忘初心,甜
女神皇冠蛋糕,甜
小猪佩奇蛋糕,甜
双层帆船,甜
草莓千层蛋糕,甜
蜜桃星球,甜
一帆风顺,甜
鲜果塔,甜
创意蛋糕C,甜
心形翻盖蛋糕,甜
纯正俄罗斯提拉米苏蛋糕,甜
韩风蛋糕C,甜
美人鱼泡泡浴,甜
巧克力草莓,甜
儿童蛋糕,甜
奇异果,甜
可可粉,甜
相亲相爱,甜
长寿面,甜
百香果,甜
方形蛋糕,甜
麻将水果蛋糕,甜
玫瑰鲜花创意蛋糕xinxing,甜
保利来欧式水果蛋糕,甜
奶油蛋糕,甜
巧克力水果蛋糕,甜
恶搞蛋糕,甜
卡通创意蛋糕,甜
财源广进,甜
无糖寿桃蛋糕,甜
情人节蛋糕专属您的甜蜜,甜
双层儿童卡通蛋糕,甜
卡通人物蛋糕,甜
火烈鸟蛋糕,甜
多口味4拼切块蛋糕,甜
蓝色诱惑蛋糕,甜
生日蛋糕送女友男友礼物,甜
卡通生日蛋糕送男孩生日礼物,甜
草莓季生日蛋糕送女友女神老婆,甜
店长推荐生日蛋糕送女友女儿女神,甜
新鲜水果生日蛋糕送朋友姐妹爱人,甜
新鲜水果生日蛋糕送自己仅限自取,甜
复古草莓生日蛋糕送闺蜜女友女神,甜
新鲜水果生日蛋糕送朋友闺蜜女友,甜
神奇宝贝生日蛋糕送孩子男友朋友,甜
祝寿发财寿星乳脂生日蛋糕送长辈,甜
祝寿喜庆生日蛋糕送长辈爷爷奶奶,甜
满天星生日蛋糕送女友女神老婆,甜
网红蛋糕送女神爱人老婆的惊喜,甜
玫瑰鲜花蛋糕送爱人送老婆,甜
水果生日蛋糕送父亲,甜
鲜花生日蛋糕送老婆女友新鲜制作,甜
生日蛋糕换动物奶油请拍我,甜
手绘生日蛋糕,甜
卡通气丸子双层生日蛋糕,甜
儿童节节日礼物蛋糕送小朋友礼物,甜
草莓家族开会啦,甜
萌系兔子警官,甜
冰雪奇缘梦工厂,甜
网红蓝莓奥利奥ins创意水果蛋糕,甜
财神招财猫蛋糕,甜
气质皇冠蛋糕,甜
浪漫亲吻蛋糕,甜
红包神器蛋糕,甜
冰淇淋蛋糕,甜
浪漫七夕爱意蛋糕LOVE,甜
浪漫七夕爱意蛋糕花环,甜
恋人之吻蛋糕,甜
玫瑰鲜花创意蛋糕方形,甜
爆款可妮兔布朗熊蛋糕,甜
皇冠蛋糕,甜
拿铁,甜
芒果汁,甜
百香果绿茶,甜
西柚汁,甜
提拉米苏,甜
百香果汁,甜
卡布基诺,甜
焦糖玛奇朵,甜
华夫饼,甜
柳橙汁,甜
奶香华夫,甜
巧克力慕斯,甜
现磨咖啡,甜
热美式咖啡,甜
抹茶铜锣烧,甜
蓝莓大福,甜
章鱼小丸子,甜
手冲咖啡,甜
夏威夷披萨,甜
原味奶茶,甜
茉莉珍珠奶茶,甜
青桔汁,甜
鱼籽寿司,甜
南瓜蛋挞,甜
味增汤,咸
热炸鸡块,咸
翡翠柠檬汁,甜
菠萝汁,甜
金桔柠檬汁,甜
奥尔良披萨,咸
热巧克力,甜
英式红茶,甜
波子汽水,甜
茉莉春毫,甜
紫薯牛奶,甜
紫薯奶茶,甜
奇异果柠檬,甜
芒果冰沙,甜
凤梨奶昔,甜
抹茶咖冰乐,甜
摩卡,甜
百香果,甜
茉莉香奶茶,甜
五谷奶茶,甜
卡布咖啡,甜
至尊披萨,咸
薯角披萨,咸
轻芝士,甜
榴莲披萨,甜
青柠汁,甜
奶油蛋糕,甜
双层水果蛋糕,甜
芝士酸奶慕斯新品,甜
黑森林,甜
泡芙,甜
果立方,甜
奶酪包,甜
网红蛋糕,甜
巧克力甜心,甜
生日蛋糕,甜
水果奶油,甜
榴莲千层,甜
布朗熊,甜
数字蛋糕G,甜
水果么么哒,甜
轻乳酪,甜
彩虹蛋糕,甜
草莓盛宴,甜
白色恋人,甜
广式鲍参,鲜
果肉布丁,甜
榴芒蛋糕,甜
菠萝果酱,甜
白色巧克力,甜
蔓越莓饼干,甜
草莓之夏,甜
盛夏果缤纷,甜
千层草莓,甜
芭比娃娃,甜
巧克力熔岩蛋糕,甜
简爱,甜
草莓心语,甜
女王蛋糕,甜
莓飞色舞,甜
鲜果物语,甜
农夫果园,甜
草莓公主,甜
小清新,甜
莓力四射,甜
樱桃之恋,甜
花束蛋糕,甜
美人鱼丸糕,甜
蓝莓卷,甜
鲜花火烈鸟,甜
草莓恋语,甜
巴洛克皇冠蛋糕,甜
品鉴果香心形蛋糕,甜
万圣节专属蛋糕,甜
网红火烈鸟,甜
手绘蛋糕,甜
双层彩虹蛋糕周岁款,甜
星空蛋糕,甜
双层水果蛋糕,甜
冰雪奇缘场景立体蛋糕,甜
净版彩虹蛋糕,甜
小王子木马蛋糕,甜
榛果巧克力慕斯蛋糕,甜
红丝绒酸奶蛋糕,甜
米奇双层翻糖蛋糕,甜
红心火龙果千层,甜
大头布朗熊可妮兔生日蛋糕,甜
黑巧布朗熊可妮兔,甜
鎏金汽车蛋糕科比款,甜
欧式水果蛋糕D款,甜
小迷糊芭比蛋糕,甜
创意M豆蛋卷彩虹蛋糕,甜
一帆风顺生日蛋糕,甜
高档女神皇冠蛋糕粉巧款,甜
吃鸡蛋糕男角色,甜
表情包,甜
海洋玫瑰发光蛋糕,甜
美国队长公仔蛋糕,甜
钱袋金元宝发财蛋糕,甜
芒果千层蛋糕,甜
马卡龙M豆伴侣彩虹蛋糕,甜
榴莲千层蛋糕,甜
创意数码蛋糕B款,甜
淡奶油裱花草莓蛋糕,甜
原味裸蛋糕,甜
创意翻糖彩虹蛋糕,甜
榴莲班戟,甜
红丝蜜乳裸蛋糕,甜
奶油水果蛋糕,甜
儿时梦想翻糖蛋糕,甜
安佳淡奶奥利奥榛果蛋糕,甜
安佳淡奶奥利奥甜筒生日蛋糕,甜
宝马汽车翻糖生日蛋糕,甜
小王子水晶球蛋糕,甜
巧克力布朗,甜
新西兰进口动物性淡奶油黑白绅士,甜
缤纷彩虹水果淡奶裸蛋糕,甜
默默,甜
翻糖乔巴蛋糕,甜
小猪佩奇场景蛋糕A款,甜
闪灯旋转卡通木马蛋糕,甜
粉色旋转音乐木马蛋糕B款,甜
小王子动物奶油蛋糕,甜
萌熊美兔,甜
风车布朗熊可妮兔,甜
双层巧克力甜筒蛋糕,甜
彩虹蛋糕,甜
水果蛋糕,甜
比基尼蛋糕,甜
粟子蛋糕,甜
寿桃生日蛋糕,甜
巧克力慕斯,甜
水蜜桃蛋糕,甜
阳光芭比蛋糕,甜
蓝莓千层蛋糕,甜
香橙慕斯,甜
冰雪奇缘双层蛋糕,甜
红丝绒芝士蛋糕,甜
水果生日蛋糕,甜
提拉米苏,甜
巧克力风情,甜
巧克力圣诞,甜
娃娃蛋糕,甜
蓝莓果酱,甜
创意蛋糕,甜
三层寿桃水果蛋糕,甜
巧克力蜜语,甜
旋转木马蛋糕,甜
托马斯小火车双层蛋糕,甜
叮当猫双层蛋糕,甜
玫瑰之约,甜
泡芙,甜
巧克力心语,甜
迷糊娃娃蛋糕,甜
法式蓝莓芝士,甜
蛋挞,甜
小点心,甜
草莓炸弹蛋糕,甜
水果四拼,甜
芝士布朗尼蛋糕,甜
黑天鹅,甜
红玫之恋,甜
玫瑰皇冠,甜
粉色火烈鸟,甜
金色年华,甜
花仙子,甜
天鹅湖,甜
情意绵绵,甜
丰收小镇,甜
草莓季,甜
鲜果时代,甜
蓝莓恋,甜
水果乐园,甜
水果双拼,甜
巧克力流心儿奶盖儿蛋糕,甜
芝士淡奶流心儿奶盖儿蛋糕,甜
法式三明治,咸
欧式酥皮,甜
彩虹蛋糕,甜
熔岩芝士,甜
卡通蛋糕,甜
巴黎香颂,甜
芝士小蛋糕,甜
水果披萨披萨,甜
水果情人,甜
豆浆鲜奶蛋糕,甜
凤巢,甜
老奶油蛋糕,甜
面包皮,甜
机器猫迷你蛋糕,甜
玫瑰盛典,甜
蜜汁鸡翅,甜
榴莲芝士,甜
千丝万缕,甜
水果奥利奥,甜
双层芭比娃娃,甜
冰激凌蛋糕,甜
脏脏小贝蛋糕,甜
黑椒肉粒意大利面,甜
香酥乳酪棒,甜
三明治面包皮,甜
奶酥菠萝包,甜
豆沙牛角包,甜
蛋挞,甜
低糖奶棒,甜
法式小馒头,甜
浓情蜜意,甜
蒙特利尔西冷牛排,咸
牛肉拌饭,咸
芭比蛋糕,甜
香颂玉米饭,甜
蔬菜沙拉,甜
橄榄意大利面,咸
生姜茶,辣
香浓椰奶吐司,甜
肉酱意大利面,咸
红葡萄苹果汁,甜
西部牛仔披萨,咸
白色恋人,甜
西西里牧场牛肉沙拉,咸
水果沙拉,甜
烟肉多士卷,咸
菲力牛排,咸
小吃拼盘,咸
黑椒牛柳饭,辣
美人鱼,鲜
慕斯切块,甜
黑森林,甜
三明治,咸
蛋挞,甜
芝士条,甜
小热狗,咸
巧克力水果蛋糕,甜
俄罗斯提拉米苏切块,甜
烤面包片,甜
巧克力豆,甜
水果寿糕,甜
乳酸菌蛋糕,甜
乳酪面包,甜
蓝莓彩虹,甜
芒果芝士,甜
小饼干,甜
双蛋培根,咸
金砖面包,甜
红丝绒蛋糕,甜
咖啡栗子蛋糕,甜
巧克力梦龙泡芙,甜
七彩豆,甜
千层榴莲切块,甜
鲜奶蛋糕,甜
海底总动员蛋糕,甜
哆啦A梦蛋糕,甜
小面包小点心,甜
面包蛋糕,甜
马卡龙饼干,甜
脏脏包,甜
酸奶慕斯,甜
脆皮天使,甜
巧克力卷,甜
白玉卷,甜
雪人雪媚娘,甜
栗米三明治,甜
轻乳酪蛋糕,甜
曲奇饼干,甜
海苔肉松面包,咸
至尊披萨面包,咸
毛毛虫面包,甜
黄金椰蓉球,甜
肉松小贝,鲜
蓝莓蛋糕卷,甜
金三角肉松面包,咸
水果缤纷,甜
粉红兔,甜
南瓜乳酪面包,甜
全麦切片面包,甜
乳酸菌芝士,甜
珍珠奶茶,甜
招牌牛奶奶茶,甜
布丁牛奶奶茶,甜
草莓摇摇奶昔,甜
金桔梅子柠檬,甜
鲜草布丁奶茶,甜
抹茶珍珠奶盖,甜
奥利奥波波奶茶,甜
红宝石葡萄柚,甜
菠萝双皮奶,甜
霸气橙子,甜
熊猫奶盖茶,甜
仙草布丁奶茶,甜
红豆布丁牛奶奶茶,甜
青提汁,甜
草莓百乐冰,甜
巴西甜橙,甜
卡布奇诺,甜
两杯杨枝甘露,甜
黄桃奶昔,甜
招牌巧克力,甜
牛油果优格,甜
麦苗薏米露,甜
柠檬百香果,甜
冰激淋,甜
红蜜豆,甜
霸气黄柠檬,甜
手摇冻柠茶,甜
草莓百香果,甜
红西柚养乐多,甜
脏脏奶茶,甜
芒果多多冰沙,甜
百香养乐多,甜
金桔柠檬气泡水,甜
霸气芝士蔓越莓,甜
榴莲奶盖茶,甜
纯金凤茶王,甜
茶饮,甜
火龙果养乐多,甜
柠檬菠萝蜜冰,甜
寒天,甜
奥利奥,甜
生椰芋泥麻薯,甜
红豆双皮奶拼盘,甜
老红糖珍珠奶茶,甜
满杯百香果,甜
霸气芝士芒果,甜
霸气蓝莓,甜
霸气凤梨,甜
草莓番石榴养乐多,甜
养生猪肚鸡锅,鲜
芝士虾球,鲜
胡椒猪肚鸡,辣
现炸酥肉,咸
野生竹荪,鲜
手切鲜羊排,鲜
肥牛上脑,鲜
竹笙,鲜
凉拌千层肚,鲜
爆浆手打鲜虾丸,鲜
皇上皇腊味煲仔饭,咸
极品雪花牛肉,鲜
芝士虾滑,鲜
蓝莓山药,甜
田园大丰收,咸
养生菌拼盘,鲜
涮肉牛肉大四喜,鲜
爆浆红糖糍粑,甜
野生松茸,鲜
土豆泥,咸
龙须笋,鲜
手擀面,咸
鸭血,鲜
炸豆皮,咸
牛黄喉,鲜
精选羔羊肉,鲜
麻辣牛肉,辣
太极猪肚鸡鸳鸯锅,辣
青菜,鲜
花生冰沙,甜
麻酱,甜
猪肚鸡汤,鲜
蒋军红糖锅盔,甜
小油条,甜
养生乌鸡卷,鲜
牛眼肉,鲜
壹家福袋,咸
壹家海派老火锅,咸
麻辣锅底,辣
刺身拼盘（小）,鲜
去骨鸭掌,鲜
马蹄竹蔗水,甜
野生羊肝菌,鲜
爽脆黑毛肚,鲜
辣椒油免,辣
葱花,辣
港式柠檬茶,甜
安格斯雪花牛肉粒,鲜
蔬菜拼盘,鲜
牛肉拼盘,鲜
阿田大虾,鲜
炸馒头片,咸
大锅虾,鲜
精品羔羊肉,鲜
酸梅汁,甜
梅林午餐肉,咸
鲜虾滑,鲜
丸子,咸
小丰收,咸
土豆粉,咸
炼乳,甜
红酒雪梨,甜
手切羊肉,鲜
酸梅饮,甜
阿田特色龙鱼,鲜
虾火锅,鲜
手切面,咸
手撕大拌菜,鲜
麻酱小料,甜
牛肚,鲜
地瓜片,甜
酸辣海带根,辣
玉米汁,甜
一锅两吃,咸
西蒙羊排,鲜
大头菜,鲜
水晶粉,鲜
冻豆腐,鲜
安井鱼豆腐,鲜
炸鳕鱼,鲜
肥羊粉,鲜
正大火锅午餐肉,咸
蘑菇蔬菜拼盘,鲜
油面筋,咸
干锅虾,鲜
牛骨髓,鲜
排骨虾,鲜
小咸菜,咸
土豆条,甜
蟹王棒,鲜
炒腰花,咸
排骨饭,咸
空心大麻球,甜
鱼泡,鲜
宽粉,咸
腐竹,鲜
猪脑,鲜
狮子头,咸
蟹柳,鲜
脆皮鸭,咸
精品羊肉,鲜
鸳鸯锅,辣
手切鲜羊肉,鲜
传统牛肉,鲜
精品肥牛,鲜
自助蘸料,咸
墨鱼丸,鲜
高钙羊肉,鲜
麻酱,甜
法式黑胡椒牛肉,咸
肥羊粉,鲜
新西兰羊排,鲜
小清锅,咸
水果,甜
干豆腐,鲜
鸡肉滑,鲜
冰激凌,甜
胡萝卜面,咸
青菜拼盘,鲜
章鱼丸,鲜
蔬菜拼盘,鲜
老醋萝卜,酸
刀切面,咸
微辣火锅,辣
凉菜,咸
爆米花,甜
草原千层肚,鲜
原汁麦,鲜
地瓜片,甜
龙口粉丝,咸
虾滑,鲜
手切羊肉板,鲜
麻辣干豆腐丝,辣
精致小肋卷,鲜
鸭血,鲜
小点心,甜
火锅汤,咸
珠江面,咸
水晶粉,咸
小金条,甜
鱼豆腐,咸
木耳,鲜
养生菌汤锅,鲜
大葱羊肉丸,鲜
肥牛胸口,鲜
黑胡椒肠,咸
捞汁什锦,咸
乌梅汤,酸
面饼,咸
山楂汁,酸
冰镇酸梅汤,酸
鸳鸯火锅,辣
手擀面,鲜
乐尚麻辣锅,辣
青菜大拼,鲜
肥羊粉,鲜
蘸料,咸
羊肉卷,鲜
地瓜片,甜
黑木耳,鲜
雪莲鸡丸,咸
内蒙羔羊肉,鲜
鸭血,鲜
虾滑玉米,鲜
肉酱,咸
海带根,咸
鸡蛋,鲜
撒尿牛肉丸,咸
豆腐皮,咸
丸类拼盘,咸
玉米鸡肉滑,咸
沙茶,咸
金针菇,鲜
肉很新鲜,鲜
土豆片,鲜
培根肉片,咸
大锅,咸
菠菜,鲜
苦菊,鲜
小番茄,甜
水果拼盘,甜
乐尚珍菌锅,鲜
鲜豆腐皮,鲜
乐尚鸳鸯锅,辣
蔬菜面,咸
小酥肉,咸
奥尔良鲜肉滑,鲜
龙须面,咸
珠江面,咸
保鲜虾,鲜
金枪鱼,咸
寿司,鲜
海兔,鲜
咖喱,辣
草鸡,鲜
辣油,辣
红油锅,辣
小饺子,咸
螃蟹,鲜
果汁,甜
石斑鱼,鲜
鱼汤,鲜
秘制斑鱼滑,鲜
鱼片,鲜
秘制蘸料,咸
营养鱼骨锅,鲜
酸梅汤,酸 
鱼皮,鲜
手擀面,咸
冻豆腐,鲜
极品牛上脑,鲜
梅林午餐肉,咸
蟹味菇,鲜
茼蒿,鲜
西生菜,鲜
自制蔬菜滑,咸
菠菜,鲜
调料酱,咸
辣酱,辣
海鲜豆腐,鲜
香菇,鲜
海蛎蝗,鲜
拌菜,咸
鱼肉丸,鲜
斑鱼锅,鲜
黑木耳,鲜
一鱼双吃,鲜
小白菜,鲜
海鲜大拉皮,鲜
虾滑,鲜
麻酱,甜
肥牛,鲜
蔬菜拼盘,鲜
白玉菇,鲜
内蒙羊排,鲜
猪五花,鲜
拌毛肚,咸
羊肉,鲜
芹菜花生米,咸
拌三丁,鲜
内蒙宽粉,鲜
海鲜菇,鲜
虾片,鲜
小料,咸
涮鱼,鲜
西瓜,甜
蘸料,咸
麻辣锅,辣
无骨鸭掌,鲜
精制羊肉卷,鲜
虾滑鸭舌,鲜
土豆片,鲜
鸭掌虾滑,鲜
满江红,辣
麻辣牛肉,辣
四川苕粉,辣
鸳鸯锅,辣
肥羊粉,鲜
宽粉,鲜
海带,咸
特色培根,咸
红油火锅,辣
毛肚,鲜
撒尿牛丸,咸
小羔羊肉,鲜
拍黄瓜,咸
秘制猪梅肉,咸
土豆块,鲜
午餐肉,咸
火锅面,咸
丸拼,咸
新西兰羊排,鲜
五花肉卷,鲜
清汤锅,咸
莴笋,鲜
腌制的牛肉,鲜
金针菇,鲜
香油碟,咸
鸭掌鸭舌,鲜
青菜,鲜
鸭血,鲜
菜拼,鲜
地瓜,甜
蟹棒,鲜
贡菜,鲜
干味碟,辣
酸黄瓜,酸
菠菜,鲜
菌拼,鲜
年糕片,甜
粉条,咸
海鲜汁,鲜
草原散养肥羊,鲜
花生米,咸
香菜,鲜
油麦菜,鲜
新西兰羊排,鲜
沾料,咸
带籽乌鱼,鲜
手切鲜羊排,鲜
川香麻辣锅,辣
腌制羊肉,鲜
酸梅汁,酸
毛肚,鲜
小海鲜,鲜
海带根,咸
猪脑,鲜
麻团,甜
海鲜蛎蝗,鲜
水果罐头,甜
鲍鱼,鲜
豆皮,鲜
土豆,鲜
黄喉,鲜
牛羊组合,鲜
牛骨髓,鲜
手切羊上脑,鲜
鸡蛋,鲜
肥羊粉,鲜
手工虾滑,鲜
大虾,鲜
虾饼,鲜
手切羊肉,鲜
羔羊肉,鲜
河蟹,鲜
螃蟹,鲜
手切面,咸
清汤锅,鲜
一品肥羊粒,鲜
自制刀切面,咸
金针蘑,鲜
您作煮肥牛,鲜
桂花肠,咸
海鲜组合,鲜
相间肥牛,鲜
果汁,甜
炝拌菜,咸
苕粉,鲜
阿根廷红虾,鲜
虾饺,鲜
涮羊肉,鲜
干豆腐,鲜
玉米面条,咸
冻豆腐,鲜
酸菜,酸
青菜拼盘,鲜
手切鲜羊肉,鲜
虾滑,鲜
欢乐鸳鸯锅,辣
手切嫩牛肉,鲜
手切面,咸
水果沙拉,甜
鲜榨果汁,甜
沙拉酸梅汤,酸
蘸酱,咸
黑毛肚,鲜
手切鲜羊排,鲜
金针磨,鲜
红酒雪梨,甜
麻酱,甜
青菜拼盘,鲜
自制酸奶,酸
精品骨汤锅,咸
鲜豆腐,鲜
水果罐头,甜
牛羊肉,鲜
五花肉,鲜
蘸料,咸
养生菌汤锅,鲜
海带串串,鲜
菌类拼盘,鲜
百叶,鲜
大锅锅底,咸
串串藕片,咸
美味香辣锅,辣
冰淇淋,甜
鸭血,鲜
金针蘑,鲜
鱼豆腐,咸
雪糕,甜
圣女果,甜
安井墨鱼丸,鲜
肥羊粉,鲜
牛上脑,鲜
菠菜,鲜
蓝莓汁,甜
新西兰肥羊肉卷,鲜
乌梅饮,甜
土豆片,鲜
火锅汤底,咸
杏鲍菇,鲜
高钙羊肉,鲜
白菜,鲜
冬瓜片,鲜
牛板筋,鲜
炒鸡,咸
秘制大片肉,咸
羊排卷,鲜
火锅烤肉,鲜 
蒸紫薯,甜
大虾,鲜
烤秘制肉,咸
自制高钙羊肉滑,鲜
鸳鸯锅底,辣
蒸包子,咸
煎锅培根,咸
酸梅汤冰激凌,甜
玉米,鲜
香菇猪肉滑,鲜
水晶粉,鲜
清汤锅底,咸
香锅辣海鲜,辣
土豆地瓜片拼盘,鲜
扇贝,鲜
生蚝,鲜
四层火锅,鲜
田园拼盘,鲜
内蒙羔羊肉,鲜
排骨山药锅,鲜
飘香牛肉,鲜
沾料,咸
小辣锅,辣
浓香肉包,咸
麻酱拉皮,咸
阿根廷烤鱿鱼,鲜
虾片,鲜
内蒙羔羊卷,鲜
特色牛胸口,鲜
特色烤肉,咸
酸梅饮,酸
涮品手切羊肉,鲜
蔬菜拼盘,鲜
发泄的黄瓜,咸
梅林午餐肉,咸
养生乌鸡卷,咸
菌拼,鲜
胡萝卜,鲜
蒸海鲜,鲜
生菜,鲜
亚沟粘豆包,甜
灰太狼肥羊粉,鲜
四川空运千层肚,鲜
煎锅晶鱼,鲜
四层香食,鲜
蟹足棒,鲜
三色滑拼,鲜
麻酱,咸
滋补鸳鸯锅,辣
手切鲜羊肉,鲜
精品羊肉,鲜
新西兰羊排肉,鲜
炭火火锅,鲜
冰虾,鲜
特色酸梅汤,酸
澳洲肥牛,鲜
青菜拼盘,鲜
金针菇,鲜
冻豆腐,鲜
地瓜片,甜
大庄园牛肉,鲜
墨鱼丸撒尿牛丸拼,咸
大刀羊肉,鲜
滋补麻辣锅,辣
海带根,咸
梅林午餐肉,咸
青虾,鲜
珠江面,咸
鸡丸,咸
刀切面,咸
生菜,鲜
蔬菜拼盘,鲜
粉条,咸
蘸料,咸
牛肚,鲜
素拍黄瓜,咸
宽粉,咸
小酥肉,咸
蟹棒鱼豆腐拼,鲜
豆皮,咸
娃娃菜,鲜
山楂片,酸
涮肉,鲜
大片毛肚锅,鲜
红糖糍粑,甜
鱿鱼圈,鲜
炒鸡,咸
牛上脑大庄园,鲜
肥羊粉,鲜
精选猪里脊,鲜
水晶粉,鲜
鱼皮玉米脆,咸
精选鸭血,鲜
肥牛一号,鲜
大绿茶,甜
黄金小馒头,咸
香菜,鲜
新西兰羊排,鲜
腌制羊肉,鲜
麻酱,甜
清汤锅,鲜
青菜拼盘,鲜
炸豆皮,咸
您作煮肥牛,鲜
超级大虾,鲜
炝拌菜,咸
土豆,鲜
玉米面条,咸
海带根,咸
阿根廷红虾,鲜
肥羊粉,鲜
手切鲜羊肉,鲜
酸菜,酸
骨髓,鲜
特色肥牛,鲜
五花肉,鲜
手工虾滑,鲜
带籽梧桐花,甜
酸梅汤,酸
冻豆腐,鲜
猪脑,鲜
螃蟹,鲜
海鲜蛎蝗,鲜
虾饼,鲜
肥羊肥牛,鲜
小拌菜,咸
虾片,鲜
鸳鸯锅,辣
蘑菇滑,鲜
鸡蛋,鲜
蟹棒,鲜
捞汁什锦,咸
香麻辣锅,辣
手切鲜羊排,鲜
海鲜组合,鲜
扇贝,鲜
百叶,鲜
手切上脑羊肉,鲜
蔬菜拼盘,鲜
什锦水果罐头,甜
三文鱼,鲜
刺身肥牛,鲜
番茄锅,酸
鱿鱼圈,鲜
涮肉,鲜
红蕃锅,酸
雪莲鸡丸,咸
麻辣烫,辣
炸鸡皮串,咸
芝麻酱,咸
面筋,咸
麻辣拌,辣
肥肠小面,咸
青菜小面,咸
牛肉小面,咸
重庆小面,咸
双拼小面,咸
小油条,甜
鱼豆腐,咸
炸火腿肠串,咸
珍珍饮料,甜
香芋红薯丸子,甜
鸡柳棒,咸
大头菜串,鲜
鸡脖,咸
骨肉相连,咸
脉动饮料,甜
大白梨饮料,甜
鲜蘑串,鲜
土豆片串,鲜
干豆腐卷,鲜
咖啡,甜
原味奶茶,甜
香芋味奶茶,甜
劲脆鸡腿堡,咸
炸鸡翅,咸
薯条,咸
特色冷面,咸
特色凉拌面皮,咸
红茶,甜
福袋,咸
虾饼,鲜
醋包,酸
牛肉丸,咸
辣椒油,辣
麻酱调味包,咸
小汽水,甜
特色面,咸
麻辣凉皮,辣
鱼丸米粉,咸
名人矿泉水,鲜
鸡排,咸
东北豆奶,甜
龙虾丸子,鲜
麻辣面,辣
清汤小面,咸
海鲜小面,鲜
耙鸡脚,咸
炸酥肉,咸
麻辣牛肉,辣
楠三孃现炒锅底,辣
功夫猪肝,咸
卤肥肠,咸
鸭血,鲜
烧椒皮蛋丸子,辣
脆毛肚,鲜
嫩牛肉,鲜
糯猪蹄,咸
自制午餐肉,咸
手打柠檬绿,甜
麻辣排骨,辣
番茄鸳鸯锅,酸
杨枝甘露雪山冰,甜
黄金嫩肉片,咸
九宫格特色拼盘,咸
辣锅包肉,辣
烧耙芋儿,甜
耙鸡爪,咸
抹茶红豆冰沙,甜
干贡菜,甜
酸菜鸳鸯锅,酸
耙蹄筋,咸
鲜鸭肠,鲜
谷饲肥牛,鲜
天顺源羔羊肉卷,鲜
耙猪脚,咸
苕粉,鲜
大刀腰片,咸
澳洲雪花肥牛,鲜
芒果绵绵冰,甜
青提雪山冰,甜
卤鹌鹑蛋,咸
屠场毛肚,鲜
冰粉,甜
杏皮茶,甜
天顺源高钙羊肉,鲜
糍粑,甜
菌汤鸳鸯锅,鲜
脑花,鲜
8秒海带苗,鲜
咖喱鸡肉,咸
火龙果鱼籽虾滑,鲜
面筋虾滑,鲜
牛乳雪山冰,甜
茼蒿,鲜
菊花水,甜
黄喉,鲜
火锅面,咸
新西兰高钙肉,鲜
草原肥牛,鲜
螃蟹腿,鲜
美味番茄锅,酸
呼伦贝尔羊肉卷,鲜
巴椒毛肚,鲜
手擀面,咸
牛黄喉,鲜
黑千张,鲜
小料,咸
千层肚,鲜
羔羊排卷,鲜
自制酸奶,酸
精品五花肉,咸
撒尿牛丸,咸
鸭血,鲜
蟹黄包,鲜
牛骨髓,鲜
鸳鸯贝,鲜
猪肉大葱小饺,咸
菌拼,鲜
午餐肉,咸
特色咖喱锅,辣
清锅,鲜
麻辣牛肉,辣
滋补骨汤锅,鲜
蜀香麻辣锅,辣
青菜拼盘,鲜
虾滑面筋球,鲜
养生菌汤锅,鲜
巴椒扇酥肉,鲜
海鸭蛋虾丸,鲜
海鲜锅,鲜
新西兰高钙羊肉,鲜
草原羊排卷,鲜
蟹子丸子滑,鲜
生菜,鲜
鲜嫩竹笋尖,鲜
海鲜汁,鲜
扯面,咸
炸豆皮,咸
红薯片,甜
大白菜,鲜
白玉菇,鲜
黑木耳,鲜
葱花,鲜
白糖,甜
肥羊粉,鲜
鸭肚,鲜
烤原味牛肋骨肉,咸
辛氏调味牛排,鲜
烤口蘑,咸
辛氏酱汤,咸
烤五花肉,咸
调味牛舌,鲜
石锅拌饭,咸
调味牛五花,鲜
招牌牛肉小土豆焖饭,咸
冷面,咸
烤香辣鸡翅,辣
海带汤,鲜
海鲜饼,鲜
泡菜饼,咸
烤牛胸口,鲜
牛五花肉,鲜
烤调味猪排,咸
烤肠,咸
烤肉小料,咸
苏子叶,鲜
辛氏调味牛肋条,鲜
香煎土豆饼,咸
水果沙拉,甜
调味猪排,咸
辣白菜炒饭,辣
全州拌饭,咸
牛肉豆腐汤,鲜
豆面打糕,甜
蔬菜拼盘,鲜
拌干豆腐丝,咸
辛拉面,咸
黄花鱼,鲜
饭团,鲜
烧牛尾,咸
韩式炒杂菜,咸
生菜,鲜
韩式拌家凉,咸
炸酱面,咸
烤猪五花,咸
调汁羊排,鲜
青拼,鲜
营养海苔拌饭,咸
银鱼花生米,鲜
炒米条,咸
开胃小菜,咸
黑椒牛肉炒饭,咸
烤胸口肉,咸
烤黑椒新西兰羊排,鲜
烤醋大拌菜,酸
烤地瓜,甜
芝士年糕火锅,咸
肥牛年糕火锅,咸
鱼饼,鲜
辛拉面,咸
海鲜年糕火锅,鲜
韩式炒饭,鲜
海苔饭团,鲜
萝卜干,咸
辣白菜咸菜,辣
部队年糕火锅,咸
蔬菜年糕火锅,咸
排骨年糕火锅,咸
特色辣酱炒饭,辣
明洞年糕火锅,咸
小咸菜,咸
夹心芝士年糕,甜
肥牛火锅芝士火锅,鲜
海鲜肥牛火锅,鲜
一米鸡餐,咸
真露清酒,辣
玉米年糕火锅,甜
鱼片,鲜
自制米酒,甜
乌冬面,咸
地狱鸡翅,辣
普通年糕,甜
芝士鸡排,咸
香炸牛肉,咸
千叶豆腐,咸
可乐,甜
水果沙拉,甜
炸薯条,咸
金针菇,鲜
年糕拼盘,甜
气泡牛奶,甜
rio,甜
全州拌饭,咸
炒鸡排,咸
芝士海鲜锅,鲜
费尔德堡,咸
鲍鱼卷,鲜
麻辣土凤爪,咸
南瓜球,甜
年糕火锅餐,咸
三道鳞炸鱼,鲜
牛蛙锅,鲜
香辣虾,辣
回锅肉,咸
地三鲜,鲜
尖椒干豆腐,辣
蜜汁梅肉,甜
韩国烤肠,咸
秘制羊排肉,鲜
传统牛肉,鲜
烤肉,咸
黑椒牛扒,鲜
生菜,鲜
A级眼肉,鲜
澳洲肥牛,鲜
朝鲜冷面,咸
芝士口蘑,咸
牛一大腰子,鲜
牛一干豆腐丝,咸
土豆片,鲜
石锅拌饭,咸
锡纸金针菇,鲜
千叶豆腐,咸
皮蛋豆花,咸
五花肉,鲜
辣白菜炒饭,辣
烤土豆,咸
锡纸芝士玉米,甜
牛眼肉,鲜
酱油炒饭,咸
酸黄瓜,酸
水源牛扒,咸
海鲜饼,鲜
蘸料,咸
小香肠,咸
扬州炒饭,咸
手撕大拌菜,鲜
蚕蛹,咸
肥牛上脑,鲜
烤羊排,鲜
特色烤牛心,鲜
珍珠汤,咸
地瓜片,甜
香菇,鲜
烤翅,咸
烤生蚝,鲜
自制肉肠,咸
海鲜锅,鲜
奥尔良鸡翅,咸
烤猪手,咸
芝士烤榴莲,甜
大块肉,咸
猪梅肉,咸
面包片,甜
疙瘩汤,咸
牛腰子,鲜
冷面,咸
狗肉汤,咸
石锅拌饭,咸
锅包肉,咸
大块肉（大）,咸
辣白菜土豆片,辣
素炒干豆腐,咸
煎打糕,甜
风味鳕鱼,鲜
烤牛肉,鲜
高丽九折板,咸
干豆腐丝,咸
红烧牛尾,咸
首尔海鲜饼,鲜
泡菜,咸
大酱汤,咸
桔梗菜,咸
辣炒年糕,辣
釜山牛肉,咸
辣白菜炒五花肉,辣
香汁鳕鱼,鲜
玉米饼,甜
九折板萝卜片,鲜
黄蘑土豆片,咸
辣白菜炒饭,辣
酸汤鱼,酸
石锅燕麦牛仔骨,咸
红烧日本豆腐,咸
鱼香茄子煲,咸
乡村烧菜,咸
石锅煲牛腩,咸
火燎鸡胗,咸
凉拌豆芽,咸
脆皮鲜奶,甜
尖椒拍蒜大肠,辣
香煎松鱼,鲜
米酒,甜
口蘑五花肉,咸
虾片,鲜
椒盐肘子,咸
辣妹子五花肉,辣
铁板鱿鱼,鲜
水果沙拉,甜
铁板大全,咸
干萝卜丝,咸
香皮炒尖椒,辣
猪肝炒蒜苗,咸
黑椒牛扒,鲜
酸菜五花肉,酸
韩味海兔子,鲜
烤调味牛五花肉,咸
调味牛排骨肉,咸
辛氏调味牛排,鲜
烤口蘑,咸
辛氏酱汤,咸
韩式石锅拌饭,咸
苏子叶,鲜
土豆饼,咸
烤调味牛舌,咸
美味烤鸡翅,咸
豆面打糕,甜
辛式调味牛排,鲜
韩式烤肉,咸
冷面,咸
生菜,鲜
辣白菜炒饭,辣
酱土豆,咸
蒜香肥牛,鲜
海鲜葱煎饼,鲜
烤调味猪排,咸
炭火烤肉,咸
新鲜五花肉和牛肉,鲜
蔬菜海鲜饼,鲜
黄花鱼,鲜
泡菜饼,咸
海带汤,鲜
韩式烤肠,咸
烤黑椒新西兰羊排,鲜
烤牛胸口,鲜
炒年糕,咸
海苔捏捏饭,咸
辛拉面,咸
烤牛肋条,鲜
紫菜寿司,咸
黑椒牛排,鲜
大麦茶,甜
小料费,咸
蔬菜拼盘,鲜
海鲜葱饼,鲜
银鱼花生米,鲜
猪排肉,咸
盐烤大虾,鲜
饭团,咸
烤地瓜,甜
煎刀鱼,鲜
韩式拌家凉,咸
柠檬汁,甜
牛肉火锅面,咸
开胃小菜,咸
烤黑椒牛五花,咸
烤原味牛肋骨肉,咸
烤调味牛五花肉,咸
烤口蘑,咸
原味牛排,鲜
辛氏调味牛排,鲜
辛氏酱汤,咸
冷面,咸
烤调味牛舌,咸
烤猪五花,咸
招牌牛肉小土豆焖饭,咸
韩式拌饭,咸
石锅拌饭,咸
烤香辣鸡翅,辣
海鲜饼,鲜
辣白菜炒饭,辣
小料,咸
生菜,鲜
香煎土豆饼,咸
牛肉汤,鲜
海带汤,鲜
豆面打糕,甜
韩式拌家凉,咸
黄花鱼,鲜
青拼,鲜
蜜汁烤鸡翅,甜
烤地瓜,甜
赠的小土豆,鲜
煎刀鱼,鲜
银鱼花生米,鲜
开胃小菜,咸
饭团,咸
水果沙拉,甜
苏子叶,鲜
烤胸口肉,咸
煎豆付,咸
韩式烤肠,咸
烤调味猪排,咸
全州拌饭,咸
米酒,甜
豆味打糕,甜
调味羊排,鲜
风味拌茄子,咸
小咸菜,咸
羊排肉,鲜
玉米沙拉,甜
辛拉面,咸
秋刀鱼,鲜
牛肉火锅面,咸
蒜香肥牛,咸
炒米条,咸
三文鱼大满足,鲜
秋天的童话寿司,鲜
甜虾,鲜
秋天的童话,鲜
芝士焗大虾,鲜
渔跃豪华寿司拼盘,鲜
盐烤大虾,鲜
日式炸鸡块,咸
三文鱼拼北极贝,鲜
冰爽刺身拼盘,鲜
芝士焗蟹煲王,鲜
鳗鱼饭,鲜
豚骨拉面,鲜
鹅肝寿司,鲜
金枪鱼刺身,鲜
沙律寿司拼盘,鲜
肥牛泡菜豆腐锅,鲜
带子裙边,鲜
生鱼片,鲜
蟹宝,鲜
芝士炸虾卷寿司,鲜
北海道寿司礼盒,鲜
日式蒜蓉焗生蚝,鲜
北极贝,鲜
玫瑰拼盘,鲜
鳗鱼寿司,鲜
三文鱼寿司,鲜
金枪鱼沙拉,鲜
牛舌厚烧,咸
南瓜蛋挞,甜
千岛酱蔬菜沙拉,甜
中华海藻,鲜
飞鱼籽寿司,鲜
日式清酒,辣
盐烤秋刀鱼,鲜
辣白菜牛肉炒乌冬面,辣
蟹籽沙拉,鲜
雪龙肥牛火锅,鲜
七品刺身大船,鲜
蒜蓉烤生蚝,鲜
盐烤黑椒三文鱼头,鲜
鱼籽虾虾卷,鲜
龙虾沙律寿司,鲜
芥末章鱼,辣
寿喜烧牛肉火锅,鲜
海螺肉,鲜
日式鸡米花,咸
三文鱼海胆井,鲜
大福甜品,甜
铁板香煎鹅肝,咸
芝士年糕火锅,咸
铁板鸡,咸
遇见鸡排,咸
无骨炸鸡单人,咸
蜂蜜芥末炸鸡,甜
遇见鸡排炒饭,咸
可乐,甜
学长炸鸡,咸
炸鸡啤酒,咸
寿司,咸
咖喱鸡肉饭,辣
海鲜鸡排,鲜
韩国拉面,咸
车学长火锅,咸
炒年糕,咸
海鲜年糕火锅,鲜
有骨炸鸡,咸
辛拉面,咸
韩国拉面」「,咸
土豆片,咸
八爪鱼,鲜
火辣鸡爪,辣
香芋红薯丸子,甜
海太葡萄汁,甜
琥珀小酥肉,咸
鸡肉洋葱圈,咸
珍珍荔枝,甜
炒筋面,咸
迷你炸鸡套餐,咸
烧椒鸡肉饭,辣
学长炸鸡单人餐,咸
无骨炸鸡单人餐,咸
有骨炸鸡单人餐,咸
年糕火锅三人套餐,咸
鱼饼,鲜
鸡蛋,鲜
乌冬面,咸
火腿年糕火锅,咸
牛肉年糕火锅,咸
学长年糕火锅,咸
黑椒鸡排饭,咸
咖喱鸡排饭,咸
紫菜卷饭,咸
牛奶汽水,甜
藤椒鸡块,辣
笑脸薯,甜
至Q虾球,鲜
玉米沙拉,甜
上校鸡块,咸
鱿鱼圈,鲜
飘香大片梅肉,咸
黑胡椒大片肉,咸
丹东肥蚬子,鲜
黑椒大片牛肉,咸
蒜香肥牛,咸
黑椒大片牛排,咸
酱油炒饭,咸
烤肉,咸
加州五花肥牛,鲜
丹东特色豆腐,咸
原味五花肉,鲜
小菜,咸
蘸料,咸
酸菜五花肉,酸
功夫牛肉,咸
孜香大片羊肉,咸
生蚝,鲜
原味羊排肉,鲜
韩式烤肠,咸
密汁梅肉,甜
西瓜,甜
陈醋海带根,酸
青虾,鲜
石锅拌饭,咸
生菜,鲜
地瓜片,甜
碳烤牛排,鲜
辣白菜炒饭,辣
法式培根,咸
蚕蛹,咸
皮蛋豆花,咸
韩式冷面,咸
孜香大片羊,咸
韩式烤鱿鱼,鲜
虾片,鲜
太厚毛肚锅,鲜
香煎玉米饼,咸
韩式烤鳕鱼,鲜
鸡翅,咸
素拍黄瓜,咸
香煎豆腐,咸
金针菇,鲜
辣酱,辣
小炒黄牛肉,鲜
蘑菇拼盘,鲜
韩式干豆腐丝,咸
芝士玉米粒,甜
孜香新西兰羊排肉,鲜
飘香大片梅肉粽,咸
牛腰子（原油）,鲜
高钙羊肉,鲜
酸菜,酸
实蛋炒肠,咸
蘸料,咸
雪花牛肉,鲜
五花肉,鲜
圆葱,鲜
金针蘑,鲜
毛肚,鲜
菠菜,鲜
珠江面,咸
蔬菜拼盘,鲜
青菜拼盘,鲜
香菜,鲜
梅林午餐肉,咸
白菜,鲜
蒙古烤肉,鲜
土豆条,鲜
金针菇,鲜
蟹棒,鲜
烤大虾,鲜
鱼豆腐,咸
素拍黄瓜,咸
火锅面,咸
油麦菜,鲜
煎笨鸡蛋,咸
龟锅鸡爪,咸
青岛纯生,辣
百威,辣
龟锅大虾,鲜
珍珠奶茶,甜
鸡丸子,咸
麻辣牛板筋,辣
墨鱼丸子,鲜
木耳,鲜
大庄园羊排肉卷,鲜
青梅绿茶,甜
橙汁,甜
梅菜竹笋丝,鲜
格瓦斯,辣
章鱼丸,鲜
牛腰子,咸
馒头,甜
肥羊粉,鲜
老虎菜,辣
红茶,甜
水晶粉,咸
开卫,甜
龟锅小鸡腿,咸
生菜,鲜
酸菜五花肉,酸
烤牛肉,鲜
烤豆角,咸
烤土豆片,咸
烤金针菇,咸
烤羊肉,鲜
烤肥羊粉,鲜
冷面,咸
烤五花肉,咸
煎打糕,咸
鳕鱼,鲜
拌饭,咸
炒年糕,咸
烤茄子,咸
干煸豆角,咸
烤土豆烤牛筋,鲜
烤地瓜片,咸
肥牛海带汤,鲜
鸡公煲,鲜
烤肥肠,咸
羊排,鲜
海鲜饼,鲜
大酱汤,咸
烤油麦菜,咸
烤杏鲍菇,咸
烤鱿鱼,鲜
火辣鸡爪,辣
烤牛胸口,鲜
娃娃菜,鲜
烤里脊,咸
铁板豆腐鸡蛋,咸
锡纸海鲜包,鲜
韩式烤肉,咸
烤蘑菇,咸
牛肉筋,咸
炸鲜奶,甜
拷鸡心,咸
烤实蛋,咸
烤鸡翅鸡,咸
老虎菜,辣
烤牛胸口肉,鲜
烤爆肚,咸
烤护心肉,咸
烤鸡蛋韭菜,咸
烤蚕蛹,咸
泡菜汤,酸
芝士黑椒牛肉饭,咸
海鲜辣炒炸酱面,鲜
石板肥牛金针菇,鲜
石板明太鱼,鲜
筋饼,咸
春饼,咸
香辣肉丝,辣
鱼香肉丝,咸
炒土豆丝,咸
酱炒鸡蛋,咸
熏肉,咸
二米粥,鲜
软炸里脊,咸
水缸豆芽干豆腐,咸
炒合菜,咸
酸黄瓜肉丝,酸
麻酱拉皮,咸
香椿炒蛋,咸
锅包里脊,咸
山药小枣大麦粥,甜
树椒土豆丝,辣
软炸虾仁,鲜
杏鲍菇炒肉丝,咸
老汤肘子,咸
豆芽炒粉,咸
葱花鸡蛋,咸
海参卷饼,鲜
洋葱丝,鲜
榨菜肉丝,咸
酥鲫鱼,咸
黄豆小菜,咸
炒酸黄瓜丝,酸
酱牛肉,咸
什锦凉菜,咸
酸菜粉,酸
卷饼配料,咸
炒豆芽肉丝,咸
甜面酱,甜
辣子鳕鱼,辣
麻辣鳕鱼,辣
有机渍菜粉,咸
炝青笋丝,咸
京酱肉丝单人餐,咸
有机酸菜炒粉条,咸
酸梅汁,酸
原味酸奶,酸
肘花拍黄瓜,咸
油焖茄瓜,咸
杂菌汤,鲜
滑溜里脊丝,咸
蒜泥肘花,咸
油饼,咸
珍珍荔枝,甜
油焖尖椒,辣
干炸丸子,咸
原汁牛肉,鲜
酥炸肉,咸
水爆肚,鲜
鸡蛋炸馒头片,咸
麻酱大拉皮,咸
葱油灼龙鱼,鲜
松子仁烧茼蒿,咸
怀旧樱桃肉,甜
老味熏三黄鸡,咸
金牌滚豆腐,咸
蓝莓山药泥,甜
鱼香肉丝,咸
宫保鸡丁,咸
熏三黄鸡,咸
干煸四季豆,咸
同合居干炸丸子,咸
水煮肉片,辣
家传红烧肉,咸
海鲜毛血旺,鲜
麻酱肉沫拌拉皮,咸
东北脊骨炖酸菜,酸
美味油麦菜,咸
肉沫扒茄子,咸
养生拌菜,咸
山东拌菜,咸
洋葱炒肝,咸
干锅有机菜花煲,咸
山东酸辣汤,酸
干锅有机菜花,咸
酸甜小萝卜,酸
麻婆豆腐,咸
老酸奶拌草莓穿心莲,酸
熏猪手,咸
老哈熘三样,咸
炒双鲜,鲜
咱家木须肉,咸
牛肉慢炖番茄,酸
香喷喷的米饭,鲜
儿童餐,咸
2小时文火焖黄花鱼,鲜
经典蛋炒饭,咸
冬瓜炒青笋,咸
松仁玉米,咸
铁板烤肉,咸
美味熘三菇,鲜
松仁炒茼蒿,咸
香甜紫薯球,甜
乳酸菌,酸
葱油饼,咸
私房豆腐,咸
现磨豆浆,鲜
咖喱肥牛土豆泥,咸
锅包肉,咸
小磨滋味肉,咸
宫保鸡丁,咸
麻酱拉皮,咸
小土豆烧排骨,咸
香汁茄子,咸
花生猪蹄,咸
小磨大拌菜,咸
山东拌菜,咸
白灼西生菜,咸
花生猪手煲,咸
菜团子肉,咸
干锅有机花菜,咸
水煮肉片,咸
玉米小烙,咸
玉米饼,甜
营养豆浆,甜
蟹黄豆花,鲜
干煸豆角,咸
歌乐山辣子鸡,辣
马勺冒菜,咸
我吃我爱的鲈鱼,鲜
石锅牛排?土豆,鲜
港式葱油饼,咸
菌香炒饭,咸
菜团子,咸
菠萝咕咾肉,甜
豆角拌面,咸
儿童餐,咸
酸菜鱼片,酸
蓝莓豆腐花,甜
手打原浆豆腐,鲜
干煸四季豆,咸
蒜蓉开边虾,鲜
干炸带鱼,鲜
擂椒炒肉,咸
火爆手撕包心菜,咸
金桔柠檬汁,甜
地三鲜,鲜
五花肉压黄金勾,咸
红豆清糖饼,甜
冰橘柠檬乐,甜
湘蒜爆鱿鱼,鲜
香酥鸡翅,咸
排骨炖土豆,咸
石锅黑椒鱼,咸
奶香水果沙拉,甜
黄金饼,咸
拆骨肉酸菜粉丝锅,酸
坛肉,咸
葱油饼,咸
拆骨肉豆腐砂锅,咸
小白菜丸子锅,咸
风味麻酱拉皮,咸
粉肠,咸
酥鲫鱼,咸
炝土豆丝,咸
酸菜白肉锅,酸
皮蛋豆腐,咸
裙菜豆腐砂锅,咸
丹麦饼,甜
草帽饼,咸
牛肉蒸饺,咸
三鲜水饺,鲜
豆腐丸子砂锅,咸
牛肉柿子锅,酸
牛腩煲,咸
砂锅烧汁肉段,咸
酱骨架,咸
蒜香茄子,咸
麻团,甜
松仁土豆丝,咸
香米饭,鲜
玉米饼,甜
丹麦大饼,甜
酸菜羊肉粉丝锅,酸
老油饼,咸
蒜香烧鸭,咸
萝卜丸子锅,咸
菠萝咕咾肉,咸
酸菜猪肉水饺,酸
扒牛肉,咸
西湖素肉,咸
马哈鱼蒸饺,鲜
猪肉玉米馅饺子,咸
淮阳狮子头砂锅,咸
白菜馅水饺,咸
芹菜馅水饺,咸
酸菜柴骨肉砂锅,酸
酸菜羊肉粉丝,酸
蒜油海带丝,咸
香菜猪肉馅饼,咸
咖喱肉段砂锅,辣
自制皮冻,咸
雪菜鱼肉砂锅,鲜
虾仁青瓜水饺,鲜
土豆饼,咸
锅包肉,咸
大花卷,咸
雪乡杀猪菜,咸
古法炖野生胖头鱼,鲜
俄式烤大排,咸
风味大盘凉菜,咸
满族鱼籽打包饭,咸
松花鸡炖榛蘑粉,咸
烤鱼,咸
达斡尔烤猪排,咸
查干湖德莫利炖鱼,鲜
焦溜双段,咸
酥黄菜,咸
老旗营汆锅底,咸
老坛子酱猪蹄,咸
招牌熏骨架,咸
坑烤拼盘,咸
酥皮肘子,咸
什锦野菜丸子,咸
雪衣豆沙,甜
小鸡炖蘑菇,咸
香辣鹿板筋,辣
干炸丸子,咸
摄政王铁锅焖饼,咸
小鸡蘑菇粉,咸
煎粘豆包,甜
鱼汤,鲜
蔬菜丸子,咸
俄式羊肉大串,鲜
大鱼头,鲜
香汁拉皮,咸
最东北蘸酱菜,咸
自制有机黑米大拉皮,咸
干炸冰棍,甜
大公鸡,咸
松花鸡蘑菇粉,咸
自制麻酱大拉皮,咸
最东北大盘鸡,咸
坑烤俄式大排,咸
蒜泥血肠,鲜
最东北烤五花肉,咸
蒜蓉开边虾,鲜
水爆肚,鲜
八旗熇黑鸭,咸
闯关东大煎饼,咸
拔丝地瓜,甜
干锅千叶豆腐,咸
白灼菜心,咸
达翰尔酱油肘子,咸
蒙古烤羊排,鲜
小花卷,咸
东北贴饼子,咸
江鱼锅,鲜
美团排骨鸡腿锅,咸
东北粉条,鲜
东北铁锅炖脊骨锅,咸
土豆,咸
大饼子,咸
玉米,鲜
山东拌菜,咸
农家鸡锅（3.5斤赠送棒蘑、土豆）,咸
白菜,鲜
香汁小米拉皮,咸
茄子,鲜
酸菜,酸
榛蘑,鲜
关东排骨锅,咸
小鸡炖蘑菇贴饼子,咸
豆角干,鲜
凉皮,咸
筋头巴脑锅,咸
干豆腐,鲜
美团双锅,咸
东北拉皮,鲜
小葱拌豆腐,咸
丁香鱼拌苦菊,鲜
野生秋木耳,甜
鸡蛋焖子,鲜
喜力啤酒,辣
鲤鱼,鲜
小笨鸡,咸
香菇,鲜
卤水鲜豆腐,鲜
美团关东丰收锅,咸
风味牛排锅,咸
蘸酱菜,咸
鱼丸,鲜
鹅肉,咸
煎豆包,甜
排骨鸡爪,咸
豆腐粉条,咸
特色蝗翅中锅,咸
冻豆腐血肠,鲜
凉菜拼盘,咸
胡萝卜,鲜
皮蛋豆花,咸
江鱼铁锅炖,鲜
嘿饭儿窝瓜,咸
肉皮,咸
香辣铁锅鱼,辣
妈妈鱼,鲜
罐虾,鲜
黄蘑扣肉,咸
麻酱拉皮,咸
冯家手把排,咸
罐牛,咸
香烹偏口鱼,鲜
炸大饼子,咸
萝卜丸子粉丝汤,咸
肉段小土豆,咸
大花卷,咸
铁板牛扒,咸
什锦小皮蛋,咸
铁板孜然筋皮,咸
泥锅烀骨头,咸
川府酥鱿鱼,鲜
沸腾牛肉,鲜
香煎偏口鱼,鲜
滑溜里脊,咸
熏猪手,咸
骨头汤,咸
家常凉菜,咸
鱼香肉丝,咸
虾爬子粉丝甘蓝,鲜
醋香里脊,酸
锅包肉,甜
蒜蓉拌秋葵,咸
软炸蘑菇,咸
排骨,咸
香辣鳕鱼,辣
溜肥肠,咸
黄金鸡手,咸
山东拌菜,咸
葱烧山药,咸
拔丝三样,甜
肘子,咸
冯家小炒,咸
麻将凉皮,咸
笨豆芽炒粉,咸
酱香干丝肉,咸
捞汁皮蛋,咸
麻辣绿豆芽,辣
滑溜里脊海米葱,咸
牛肉炖萝卜,鲜
白灼西兰花,咸
香香小牛肉,鲜
捞汁拌蛰头,鲜
蛋花杂菌汤,鲜
香香小炒肉,咸
火爆大头菜,咸
红烧脆皮乳鸽,咸
招牌烟香乳鸽,咸
印度抛饼,咸
理想大拌菜,咸
宫廷黄焖金米花胶,咸
鸽杂串串香,咸
鸽子汤,咸
椒盐乳鸽,咸
理想蒸饺,咸
剁椒鱼头,辣
拉皮,咸
锅包肉,咸
瑶柱蒸菜心,咸
鸽肉蒸饺,咸
水芹小黄花,鲜
鸽肝酱茄子煲,咸
干锅香辣蟹,辣
浏阳白椒鸽杂,咸
紫苏牛肉,咸
苦苣拌海藻,鲜
炭烧鸽子,咸
杭椒牛柳,辣
黄豆炖猪手,咸
淮山薏米乳鸽汤,鲜
熏酱拼盘,咸
炒饭,咸
龙江靠大排,咸
茶香排骨,咸
自酿啤酒,辣
手抛饼,咸
鲍菇虾爬肉,鲜
葱油时蔬,咸
肉沫白菜小晶粉,咸
养生小炒,咸
毛家红烧肉,咸
油泼金钱肚,鲜
乳鸽汤,鲜
红烧松花江大鲤鱼,鲜
鸽肉山药饭,咸
南乳猪手,咸
鹅肝牛肉,咸
蘑菇炒秋葵,咸
浇汁鲜香菇,鲜
农家小炒肉,咸
溜双段,咸
莲藕煲乳鸽,鲜
一品嫩豆腐,鲜
手撕饼,咸
大刀猪耳,咸
腊味荷兰豆,咸
锅包肉,咸
松鼠桂鱼,酸
屯子蒸肉,咸
龙江炒肉拉皮,咸
美丽豆沙,甜
大黄米煎饼,甜
蒸扣猪手,咸
小笨鸡炖蘑菇,咸
罐焖羊肉,鲜
麻酱菠菜,咸
雪衣豆沙,甜
石锅碟鱼肉,鲜
俄罗斯羊肉大串,鲜
锅包大虾,鲜
九转大肠,咸
青椒炒肉,辣
罐焖虾仁,鲜
韭菜盒子,咸
鳇鱼烧土豆,鲜
红烧蚕蛹,咸
家常炖菜,咸
老菜馆干炸丸子,咸
白菜冻豆腐（家常炖菜）,咸
酸奶青豆泥,酸
大碴粥,甜
烤奶汁鲽鱼,鲜
老菜馆蒸肉,咸
老菜馆酱肘子,咸
三鲜水饺,鲜
蒜蓉海参斑,鲜
老式溜三样,咸
老菜馆四酱拼盘,咸
海鲜酸辣汤,酸
火爆腰花,甜
溜肉段,甜
虾仁里脊,鲜
传统水煮牛肉,鲜
羊肉串,鲜
糯米糖藕,甜
夫妻肺片,辣
酸菜油吱水饺,酸
精品红烧肉,咸
葱油饼,咸
玫瑰香饼,甜
老菜馆酱鸭,咸
大辣椒炒肉,辣
尖椒炒肉,辣
家常凉菜,咸
葱烧海参,鲜
粘豆包,甜
黄桃锅包肉,甜
金牌锅烙,咸
黑拉皮,咸
干锅三黄鸡,咸
玉氏小炒,咸
大碗猪手,咸
陈皮牛肉,咸
东北老酸奶,酸
玉氏家凉,辣
素茄子,咸
鱼香肉丝,咸
扬州炒饭,咸
茶树菇牛柳,鲜
滋味豆腐,咸
石锅老豆腐,咸
拔丝地瓜,甜
玉氏猪手,咸
芝士土豆,甜
一品羊肉煲,鲜
猪蹄,咸
秘制神仙鸡,咸
凉皮,咸
玉氏黄桃锅包肉,甜
宫保鸡丁,咸
玉氏松仁肉粉肠,咸
多宝鱼,鲜
黄蘑土豆片,咸
玉氏凉菜,咸
小鸡蘑菇粉条,咸
水煮肉片,辣
玉氏滋味汤,咸
四角豆,咸
西葫芦鸡蛋虾仁锅烙,鲜
烤排骨,咸
铁板生煎心管,咸
老式锅包肉,咸
玉式滋味煲,咸
菌汤什锦煲,鲜
特色锅贴,咸
玉氏自制肉粉肠,咸
椰蓉奶香麻花,甜
黑椒猪肝,咸
李氏锅包肉,咸
滋味骨,咸
糖醋排骨,甜
达斡尔烤猪排,咸
排骨日本小土豆,咸
鲍参翅肚捞饭,鲜
松仁茼蒿,咸
铁板酸菜五花肉,酸
排骨锅,咸
大饼子,咸
锅贴饼子,咸
玉米,鲜
土豆,鲜
花卷,咸
金针菇,鲜
白菜,鲜
冻豆腐,咸
豆腐,鲜
三道鳞,鲜
鸡锅,咸
肥羊粉,鲜
大地锅,咸
小菜,咸
东北铁锅炖,咸
鸡手排骨,咸
香菇,鲜
粉条,咸
花生米,咸
鲤鱼鲫鱼鲶鱼锅,鲜
海带根,鲜
宽粉,鲜
豆角干,鲜
筋头巴脑,咸
大丰收锅,咸
水果,甜
大锅炖鱼,鲜
茄子,鲜
红烧肉锅,咸
地瓜,鲜
豆皮,咸
拌菜,咸
排骨豆角,咸
麻汁面偶,咸
豆芽,鲜
大头菜,鲜
菌拼,鲜
醋皮蛋,酸
三丝儿爆豆,咸
康师傅红茶,甜
肉丝拉皮,咸
金针蘑,甜
可乐,甜
鸡爪子,咸
牛肉丸,咸
珍珠汤,咸
椒盐小酥肉,咸
原汁麦,鲜
苕粉,鲜
溜三样,咸
锅包肉,咸
风味拉皮,咸
猪手,咸
家凉,咸
酥黄菜,咸
馅饼,咸
茄盒,咸
美丽豆沙,甜
西葫芦锅烙,咸
肥肠香锅,咸
韭菜盒子,咸
鱼香肉丝盖饭,咸
肥羊锅,鲜
野菜丸子,咸
干煸肘子,咸
西兰花,咸
梅菜扣肉,咸
豆芽炒粉,咸
三鲜锅烙,鲜
韭菜鸡蛋水饺,咸
清炒虾仁,鲜
肉段茄子,咸
大丰收,咸
萝卜丸子粉丝汤,咸
香蚕牛仔肉,咸
小鱼,鲜
红烧狮子头,咸
火爆腰花,咸
溜豆腐泡,咸
水煮肉片,辣
杭椒牛柳,辣
养生小炒,咸
老屯炖鸡,咸
尖椒干豆腐,辣
鲜虾茄手,咸
溜肉段,咸
三鲜水饺,鲜
黑椒牛柳,咸
酱炒豆腐,咸
芹菜粉,咸
风味熏鸡,咸
腰花木耳豆腐,咸
爽口穿心莲,甜
香芋煲牛腩,咸
米饭,鲜
滑溜里脊,咸
松鼠鱼,酸
糯米饼,甜
烧蹄筋,咸
口袋豆腐,咸
三鲜冰花锅烙,鲜
徳居滋味鱼,鲜
德居吊烧肉,咸
锅包肉,咸
关东大排,咸
雪花锅贴,咸
西湖莼菜羹,咸
南瓜香芋球,甜
赛熊掌,咸
黄桃樱桃肉,甜
凉拌拉皮,咸
德居滋味鱼,鲜
西葫芦鸡蛋冰花锅烙,咸
海鲜拉皮,鲜
原爆里脊,咸
老醋里脊,酸
碳烤琵琶虾,鲜
红豆饭,甜
碳烤琵笆虾,鲜
紫薯球,甜
科罗娜啤酒,辣
地瓜丸,甜
小鸡炖蘑菇,咸
海拉尔雪糕,甜
铁板大全,咸
干炸鲜蘑,咸
老味烧大肠,咸
酸辣汤,酸
松塔肉片,咸
鸡胗黄瓜钱,咸
湖虾拌青瓜,鲜
蜜汁糯米藕,甜
罐虾,鲜
砂锅鸡煲,咸
茶树菇煸四季豆,咸
美丽豆沙,甜
酱大骨棒,咸
熏酱菜,咸
溜肉段,咸
肉段小土豆,咸
尖椒干豆腐,辣
溜双段,咸
干锅有机菜花,咸
小炒湖虾,鲜
宫保鸡丁,咸
海鲜炒饭,鲜
捞汁什锦,咸
虾仁菠菜,鲜
拔丝地瓜,甜
酱骨架,咸
招牌酱骨,咸
骨棒酸菜锅,酸
特色招牌猪手,咸
锅包肉,咸
牛肉烧小土豆,咸
大饼,咸
香芋地瓜球,甜
老式溜肉段,咸
肥肠烧猪肝,咸
干锅两样,咸
香煎多宝,咸
鱼香肉丝,咸
凉菜,咸
香辣鸭头,辣
腊肉千叶豆腐,咸
干煸豆角,咸
油麦菜,咸
压锅鲤鱼,鲜
压锅四宝,咸
酱扒茄子,咸
山东拌菜,咸
大妈扒茄子,咸
合合小炒,咸
毛血旺,辣
紫苏牛肉,咸
豆角肉包子,咸
酱油炒肥肠,咸
压锅凤爪,咸
醋花生,酸
麻辣豆腐,辣
铁板海杂鱼,鲜
老肉压锅豆腐,咸
茼蒿炒杂菌,咸
大丰收,咸
酱骨头,咸
酱猪手,咸
韭香鱿鱼,鲜 
特色炒骨,咸
秋耳炒山药,咸
土豆丝炒粉,咸
酱香杂粮包,咸
扬州炒饭,咸
外婆菜,咸
孜然脆骨,咸
大肘子蘸酱菜,咸
水煮鱼,辣
自制粉肠,咸
手掰肝,咸
脆皮黄瓜,咸
排骨,咸
鱼锅,咸
小饼子,咸
炝干豆腐丝,咸
老虎菜,辣
笨锅炖大鹅,咸
炝土豆丝,咸
素拍黄瓜,咸
粉条,咸
炖鸡锅,咸
小花卷,咸
肉皮冻,咸
大饼子,咸
鲜土豆,鲜
大鲤鱼,鲜
茄子,鲜
筋头巴脑,咸
水煮花生,咸
海带丝,咸
土豆干,鲜
锅包肉,咸
黄瓜拉皮,咸
大骨棒,鲜
豆角干,鲜
榛蘑,鲜
笨鸡兔,鲜
自制皮冻,咸
酸菜,酸
炝拌菜,咸
大格瓦斯,辣
金针蘑,鲜
大美年达,甜
香菜,鲜
什锦水果罐头,甜
可乐,甜
盐炒花生,咸
芥兰丝,咸
油炸花生米,咸
油麦菜,鲜
肥羊粉,鲜
金针菇,鲜
木耳,鲜
羊排,鲜
萝卜,鲜
三丝爆豆,咸
白菜,鲜
豆角,鲜
凉拌菜,咸
凉拌腐竹,咸
菠菜,鲜
农家花卷,咸
鳇鱼排骨锅,鲜
锅出溜,咸
大鹅锅,咸
土豆,鲜
粉条,咸
大碴粥,甜
自酿格瓦斯,辣
家常凉菜,咸
酸菜,酸
茄子,鲜
大饼子,咸
豆腐,鲜
咱家豆角干,咸
屯家排骨锅,咸
山味笨鸡锅,咸
炖鱼,鲜
血肠,鲜
红酒雪梨,甜
鹅肉,鲜
鸡手,鲜
筋头巴脑锅,咸
榛蘑,鲜
鸡蛋焖子,咸
白菜,鲜
三丝爆豆,咸
大拉皮,咸
醉牛脊骨锅,咸
花卷馒头,咸
贴饼,咸
肥羊粉,鲜
腊八蒜,咸
炸江虾,鲜
脊骨铁锅炖,咸
芹菜花生米,咸
花卷蒸饺,咸
鸡肉蘑菇蒸饺,咸
冰淇淋,甜
赠的粥,甜
豆包,甜
香葱拌鹅蛋,咸
锅贴,咸
拌菜,咸
猪尾饨玉米,咸
自制皮冻,咸
蘸酱菜,咸
冻梨花红,甜
干肠,咸
凉皮,咸
皮蛋,咸
屯家排骨锅,咸
花卷,咸
土豆,鲜
锅出溜,咸
炖鱼,鲜
大鹅锅,咸
大饼子,咸
粉条,咸
酸菜,酸
白菜,鲜
鹅肉炖锅,咸
东北大铁锅炖菜,咸
锅贴,咸
皮蛋豆腐,咸
筋头巴脑锅,咸
鸡蛋焖子,咸
血肠,鲜
鸡手,鲜
三丝爆豆,咸
大碴粥,甜
醉牛脊骨锅,咸
山味笨鸡锅,咸
茄子,鲜
萝卜,鲜
干豆角,鲜
小鸡炖蘑菇蒸饺,咸
家常凉菜,咸
腊八蒜,咸
鳇鱼排骨锅,鲜
排骨炖豆角,咸
海带丝,咸
蘸酱菜,咸
脊骨铁锅炖,咸
红酒雪梨,甜
牛尾,咸
玉米饽饽,咸
榛蘑,鲜
土豆干,鲜
午餐肉,咸
粘豆包,甜
酥鲫鱼,鲜
鸡胗,咸
五花肉鱼锅,咸
凉拌鱼皮,鲜
肉皮冻,咸
一锅炖,咸
干肠,咸
江虾干炸,鲜
冻梨,甜
下酒菜,咸
锅包肉,咸
油炸冰棍,甜
官府豆腐,咸
家常自制拉皮,咸
明炉鱼,鲜
凉菜,咸
排骨！排骨！,咸
贡米丸子,咸
地三鲜,鲜
手撕大拌菜,咸
狮子头,咸
家传熏卤鸭,咸
干煸豆角,咸
格瓦斯杯,辣
啤酒猪手,咸
富贵铁板大全,咸
排骨鸡胗压土豆,咸
炸冰淇淋,甜
火爆大头菜,咸
老味冰糖肘子,甜
鲜菌油麦菜,鲜
原汁牛肉,鲜
毛血旺,辣
俄式红菜汤,咸
溜肥肠,咸
烧大肠,咸
鱼香肉丝,咸
香芋地瓜球,甜
干锅土豆片,咸
糯米丸子,甜
米饭,鲜
东北杀猪菜,咸
压锅排骨土豆豆角,咸
老黄瓜土豆片,咸
樱桃肉,甜
道台脆香饼,咸
凉拌板筋,咸
肉段烧茄子,咸
红烧肉,咸
川香辣子鸡,辣
上汤西生菜,咸
油淋腰柳,咸
原汁猪手,咸
家常炖菜,咸
干锅有机花菜,咸
香烹偏口鱼,鲜
下饭茄子,咸
烧汁耦合,咸
红焖刀鱼,咸
孜然羊肉,咸
锅包肉,咸
圆笼排骨,咸
风味拉皮,咸
得莫利炖鱼,鲜
半份杀猪菜,咸
小鸡炖蘑菇,咸
牛肉土豆柿子,酸
家常凉菜,咸
地三鲜,鲜
草帽饼,甜
牛肉馅饼,咸
吊炉酸菜白肉血肠锅,酸
焦烧肉条,咸
拔丝地瓜,甜
山东拌菜,咸
大丰收,咸
压锅鱼,鲜
番茄里脊,酸
肉丝麻酱大拉皮,咸
昆仑香辣肉,辣
鱼香肉丝,咸
干煸豆角,咸
韭菜鸡蛋馅饼,咸
蛋黄焗南瓜,咸
干炸鲜蘑,咸
酥黄菜,咸
疙瘩汤,咸
白灼西生菜,咸
宫保鸡丁,咸
糖饼,甜
昆仑滋味肉,咸
鲮鱼油麦菜,咸
火爆大头菜,咸
回锅肉,咸
蒸排骨,咸
酸菜炖骨架,酸
苏波汤,咸
风味炸排骨,咸
老街肘子,咸
滑溜里脊,咸
鲜椒牛柳,辣
溜肥肠,咸
香芋地瓜球,甜
尖椒干豆腐,辣
干锅娃娃菜,咸
蓝莓山药,甜
萝卜丸子粉丝汤,咸
三丝爆豆,咸
拔丝紫薯,甜
干锅爱上土豆片,咸
金牌滋味肉,咸
秘制羊排,鲜
锅包肉,咸
香煎牛肉,咸
双色拉皮,咸
滋味肉,咸
招财猪手,咸
红酒雪梨,甜
烤羊腿,鲜
拔丝紫薯,甜
干焅大骨棒,咸
老醋花生,酸
麻辣豆腐,辣
椒盐海鲜菇,鲜
三色丸子,咸
东坡肘子,咸
干锅千叶豆腐,咸
得莫利炖鱼,鲜
鹅肝酱焗白玉菇,咸
蒜蓉开边虾,鲜
酥黄菜,咸
上海酱香鸭,咸
蝶鱼头,鲜
荷塘小炒,咸
压锅鲤鱼,鲜
锦绣凉菜,咸
大丰收,咸
蓝莓山药,甜
营养豆腐,咸
松仁玉米,甜
鹅肝酱枸蘑菇,咸
日式鱿鱼,鲜
松鼠桂鱼,酸
养颜山药,甜
生炒有机菜花,咸
油炸冰激凌,甜
酱油炒饭,咸
果味菊花鱼,甜
招牌猪手,咸
爆米花,甜
炸蘑菇,咸
奶香地瓜球,甜
桂花糯米藕,甜
俄式酸黄瓜,酸
海米里脊葱,咸
麻辣香锅,辣
雪里红炖豆腐,咸
干锅鸭头,咸
酸梅汤,酸
酸菜大骨汤,酸
鱼锅,鲜
粉条,咸
干豆腐丝,咸
筋头巴脑,咸
花鲢,鲜
海带丝,鲜
白菜,鲜
土豆,鲜
花卷,咸
茄子,鲜
酸菜,酸
炝拌菜,咸
大鹅锅,咸
牛尾滋补锅,咸
大饼子,咸
农村冻豆腐,咸
豆角,鲜
玉米,鲜
鹌鹑蛋,鲜
干豆腐,鲜
芹菜花生米,咸
泡椒萝卜皮,咸
腐竹,鲜
木耳,鲜
青拼,鲜
丸拼,咸
香菇,鲜
大萝卜,鲜
胡萝卜,鲜
金针蘑,鲜
五花肉,咸
小鸡锅,咸
拔丝地瓜,甜
排骨,鲜
榛蘑,鲜
清蒸鲤鱼,鲜
肉皮,咸
蛋黄焗南瓜,咸
锅包肉,咸
锅包肉,咸
地三鲜,鲜
松鼠鱼,酸
肉沫大拉皮,咸
干锅千叶豆腐,咸
肉段茄子,咸
特色炒骨,咸
酸菜粉,酸
火爆大头菜,咸
鱼香肉丝,咸
铁板双鲜茄盒,鲜
水煮肉片,咸
捞汁什锦,咸
香煎偏口鱼,鲜
凉菜,咸
蒜泥肘子,咸
干锅娃娃菜,咸
红烧日本豆腐,咸
水煮鱼,辣
树椒土豆丝,辣
三丝爆豆,咸
老味狮子头,咸
笨豆芽炒粉,咸
压锅鸡手,咸
鱼香茄条,咸
宫保鸡丁,咸
白灼西生菜,咸
杀猪菜,咸
干煸肺子,咸
溜肉段,咸
香煎锅宝鱼,鲜
三八手撕鸡,咸
西红柿鸡蛋汤,酸
狮子头炖白菜粉条,咸
红烧肉压黄金勾,咸
护心肉黄磨粉,咸
肉末茄子,酸
麻辣豆腐,辣
铁板烧烤大全,咸
木须柿子,咸
青岛经典,咸
趴肘子,咸
蛋黄焗大虾,鲜
火烤大虾,鲜
蒜蓉粉丝娃娃菜,咸
铁板牛肉,咸
特色烤大排,咸
香酥鸡排,咸
蒜香鲤鱼,咸
肉饼,咸
锅包肉,咸
排骨馅包子,咸
豆腐包,咸
三鲜肉包,鲜
麻酱拉皮,咸
鲜虾仁肉包子,鲜
干炸肉段,咸
大白梨,甜
盐水猪肝,咸
红豆粥,甜
家常凉菜,咸
红焖鱼籽,咸
溜双段,咸
青笋山药,咸
油焖尖椒拼酱豆,辣
鱼香肉丝,咸
樱桃肉,甜
风味排骨包,咸
老汤干豆腐,咸
三丝爆豆,咸
老式熏鸡,咸
酱香肉,咸
小菜,咸
熏肚拼熏肠,咸
宫保鸡丁,咸
烧豆泡,咸
辣椒拼干豆腐,辣
干炸鲜蘑,鲜
滑溜里脊,咸
香葱鲽鱼肉,咸
炒三样,咸
油焖尖椒拼干豆腐,辣
酱骨架,咸
香菇肉包子,咸
素包子,甜
黄瓜鲜虾包子,鲜
地三鲜,鲜
萝卜丝丸子汤,咸
糖醋鲫鱼,酸
麻辣鸡脖子,辣
酱猪脑,咸
孜然心管,咸
养生秋葵,咸
香菇蒸虾仁,鲜
猪皮冻,咸
熏酱小肚,咸
一品香菇,咸
椒盐小排,咸
酱沙肝,咸
熏猪手,咸
牛肉馅饼,咸
碴子粥,甜
羊肉胡萝卜馅饼,咸
锅包肉,咸
猪肉三鲜馅饼,鲜
凉菜,咸
猪肉芹菜馅饼,咸
猪肉蒜苗馅,咸
滋滋烤鱼,鲜
辣鳕鱼,辣
口水鸡,咸
小咸菜,咸
排骨炖豆角,咸
紫菜蛋花汤,咸
牛肉圆葱馅,咸
黑板鸡,咸
蹄筋烧茄子,咸
干锅鸭头,咸
猪肉酸菜馅饼,酸
火爆腰花,咸
铁板蒜香血肠,咸
自制皮冻,咸
小米粥,咸
护心肉蘑菇粉,咸
冬笋烧塔菜,咸
韭菜馅饼,咸
肉段小土豆,咸
吊炉护心肉,咸
酱牛肉,咸
锅气笋衣,咸
干炸江虾,鲜
鱼香肉丝,咸
葱焗山药,咸
小炒黄牛肉,鲜
香葱木耳小蘑菇,咸
熏酱拼盘,咸
驴肉馅饼,咸
芥末肚丝,辣
笨豆芽炒粉,咸
肉沫地瓜粉,咸
老醋海蜇,酸
红烧鳊花鱼,鲜
老黄瓜汤,咸
大骨棒,咸
开边虾,鲜
儿尖椒干豆腐,辣
擂椒蹄筋茄子堡,咸
京烧大肠,咸
猪肉蒜苗馅饼,咸
酱油肥肠,咸
小花卷,咸
手撕大拌菜,咸
铁锅炖,咸
锅贴大饼子,咸
整只鸡排骨锅,咸
排骨土豆豆角米饭,咸
豆角干,鲜
粉条,咸
玉米,鲜
大鹅排骨锅,咸
水豆腐,鲜
铁锅三样鱼,鲜
排骨鸡爪锅,咸
茄子,鲜
鸡蛋焖子,咸
红苹果,甜
特色排骨锅,咸
大鹅锅,咸
素大丰收焖饭,咸
大丰收锅,咸
素拍黄瓜,咸
皮蛋豆腐,咸
炝土豆丝,咸
干豆腐丝,咸
小鸡蘑菇锅,咸
筋头巴脑焖饭,咸
哈啤,辣
三样鱼生菜,鲜
筋头巴脑锅,咸
草根鱼生菜,鲜
百威啤酒,辣
油炸花生,咸
原汁麦,鲜
胖头鱼生菜,鲜
凉菜,咸
白菜,鲜
酸菜,酸
麻酱拉皮,咸
锡纸油麦菜,咸
锡纸金针菇,咸
烤翅中,咸
皮蛋老虎菜,辣
肉皮,咸
冻豆腐,咸
鸡胗,咸
金针蘑,鲜
藕片,鲜
肥羊粉,鲜
水晶粉,咸
椰汁,甜
烧麦,咸
扒羊肉条,咸
锅包肉,咸
馅饼,咸
精美凉菜,咸
风味羊排,鲜
香辣牛肉,辣
尖椒干豆腐,辣
羊汤,鲜
焦烧肉条,咸
水爆肚,鲜
干煸豆角,咸
锅包三样,咸
滋味肉,咸
特色偏口鱼,鲜
辣子鸡,辣
水煮肉片,辣
风味牛肋,咸
红烧窝骨,咸
回头,咸
溜羊脸,咸
熏炒散代,咸
蓝莓山药,甜
芥末肚丝,辣
经典养生小炒,咸
羊腿,鲜
牛肉烧小土豆,咸
炖鱼,鲜
拌羊肝,咸
筋头炝豆腐土豆柿子,咸
香芋地瓜球,甜
尖椒炒筋皮,辣
麻酱拉皮,辣
宫保鸡丁,咸
韭菜炒散代,咸
干锅土豆片,咸
炒羊杂,咸
火爆大头菜,咸
砂锅汤,咸
如阿拉伯烤肉,咸
果仁菠菜,咸
传统生肉片,咸
孜然羊肉,咸
酱爆心管,咸
蛋黄焗香芋,甜
炸蘑菇,鲜
生炒肉片,咸
扒牛条,咸
茶树菇牛柳,咸
秋葵,鲜
花卷,咸
排骨,鲜
铁锅炖鱼,鲜
粉条,咸
大饼子,咸
酸菜,酸
土豆,鲜
鸡蛋焖子,咸
山东拌菜,咸
驴排锅,咸
干豆腐丝,咸
锅贴,咸
豆角干,鲜
白菜,鲜
芹菜花生米,咸
三丝爆豆,咸
筋头巴脑锅,咸
茄子,鲜
鸡手,咸
血肠,鲜
特色锅出溜,咸
红酒雪梨,甜
脊骨,鲜
萝卜,鲜
榛蘑,鲜
沾酱菜,咸
酱油干豆腐,咸
木耳,鲜
肉皮,咸
牛骨头锅,咸
铁锅炖大鹅,咸
自制风味干肠,咸
驴排炖鸡,咸
鱼肉,鲜
水果罐头,甜
驴肉,鲜
鱼片,鲜
听珍珍,甜
鲶鱼,鲜
干炸黄瓜香,咸
家凉,咸
腊八蒜,咸
炝海带丝,咸
五花肉,咸
咸鸭蛋,咸
羊排锅,鲜
鸳鸯锅,辣
芹菜花生,咸
娃哈哈矿泉水,鲜
可乐,甜
老式樱桃肉,甜
传统锅包肉,咸
红焖肉烧豆角,咸
猪肉三鲜,咸
风味拉皮,咸
可乐鸡翅,甜
鲮鱼油麦菜,咸
炒土豆丝,咸
孜然心管,咸
溜肝尖,咸
香辣土豆片,辣
尖椒炒干豆腐,辣
日本土豆烧肉段,咸
猪肉水饺,咸
牛肉水饺,咸
捞汁什锦,咸
溜肥肠,咸
洋葱爆猪肝,咸
毛血旺,辣
鸡蛋韭菜馅,咸
猪肉酸菜馅,酸
京酱肉丝,咸
木须肉,咸
蔬菜丸子,咸
宫保鸡丁,咸
麻辣豆腐,辣
珍心相伴,咸
铁板大全,咸
湘味小炒肉,咸
滑溜里脊,咸
铁板茄盒,咸
葱烧木耳肉,咸
锅包两样,咸
干煸鱿鱼豆角,鲜
美味溜双段,咸
铁板酸菜肥羊,酸
小炒牛柳,咸
干锅杂菌,鲜
小磨豆腐,鲜
清心小炒,咸
干炸鲜蘑,鲜
菠萝古老肉,咸
四川盆盆虾,鲜
农家小炒肉,咸
麻花回锅肉,咸
压锅鸡手,咸
鱼香茄条盖饭,咸
猪肉芹菜馅,咸
山东拌菜,咸
蘸酱菜,咸
铁锅炖,咸
贴饼子,咸
土豆,鲜
排骨肉,咸
豆腐,鲜
排骨玉米,咸
拌菜,咸
大锅炖,咸
素拍黄瓜,咸
粉条,咸
筋头巴脑,咸
豆角干,咸
长寿面,咸
花卷,咸
红烧肉锅,咸
鲤鱼鲫鱼鲶鱼锅,鲜
海带根,鲜
冻豆腐,鲜
排骨锅,咸
茄子,鲜
宽粉,咸
家常凉菜,咸
大饼子,咸
鸡手排骨,咸
鸡爪净排,咸
五花肉,鲜
麻汁面藕,咸
藕片,鲜
鸡肉锅,咸
丸拼,咸
豆皮,咸
自制皮冻,咸
三道鳞,咸
可乐,甜
康师傅红茶,甜
猪头肉拍黄瓜,咸
老醋皮蛋,酸
三丝儿爆豆,咸
小酥肉,咸
酸菜,酸
鲜虾,鲜
青梅绿茶,甜
午餐肉,咸
茼蒿,鲜
苕粉,鲜
腐竹,鲜
鸡心,鲜
原汁麦,鲜
笨鸡蛋炒毛葱,咸
蟹棒,鲜
锅包肉,咸
猪肉芹菜馅,咸
地三鲜,鲜
猪肉酸菜馅,酸
西红柿鸡蛋馅,酸
韭菜鸡蛋馅,咸
鱼香肉丝,咸
粉丝娃娃菜,咸
肉沫豆角,咸
猪肉白菜馅,咸
黑椒牛柳,咸
火爆大头菜,咸
羊肉汤,鲜
山东拌菜,咸
宫保鸡丁盖饭,咸
鸡蛋韭菜水饺,咸
虾片,鲜
糖蒜,甜
粉肠,咸
嘎巴豆,咸
一绝干豆腐,咸
鱼香茄条,咸
牛肉萝卜馅,咸
杀猪菜,咸
干煸豆角,咸
排骨炖豆角,咸
鸡蛋西葫芦水饺,咸
猪肉芹菜水饺,咸
猪肉酸菜水饺,酸
猪肉白菜水饺,咸
肉三鲜水饺,鲜
可乐,甜
格瓦斯,辣
康师傅矿泉水,鲜
鸭蛋,咸
炝土豆丝,咸
拌干豆腐丝,咸
芹菜炝花生,咸
拔丝地瓜,甜
麻辣雪鱼,辣
溜肉段盖浇饭,咸
黑椒牛柳儿,咸
蒜蓉粉丝白菜,咸
鸡蛋西葫芦馅,咸
飘香小梅肉,咸
油焖尖椒,辣
孜然烤鱼,鲜
香辣烤鱼,辣
橙汁,甜
红茶,甜
七滋烤鱼,鲜
干锅千叶豆腐,咸
家常凉菜,咸
锅包肉,咸
地三鲜,鲜
排骨鸡胗压土豆,咸
干煸豆角,咸
麻辣香锅,辣
蔬菜丸子,咸
山东拌菜,咸
干煸四季豆,咸
杏鲍菇牛柳,咸
黑椒龙利鱼,鲜
滋味肉,咸
铁板大全,咸
水煮肉片,辣
酸菜炒粉条,酸
锅仔酸菜拆骨肉,酸
烧大肠,咸
蒜蓉油麦菜,咸
葱烧木耳蟹味菇,鲜
炸三样,咸
牛肉锅,鲜
可乐瓶,甜
排骨鸡肠压土豆,咸
蜇头炒白菜,咸
康师傅红茶,甜
青椒肉丝,辣
溜肉段,咸
铁板酸菜,酸
酱猪脊骨,咸
精美虾片,鲜
孜然鸡心,咸
尖椒干豆腐盖浇饭,辣
地三鲜盖浇饭,鲜
木须番茄盖浇饭,酸 
笨豆芽黄蘑炒粉,咸
麻辣豆腐,辣
干锅娃娃菜,咸
白灼西生菜,咸
富贵毛血旺,辣
香芋地瓜球,甜
酱油炒饭,咸
黄蘑土豆片,咸
鲜虾爆蚕蛹,鲜
树椒土豆丝,辣
木须瓜片,咸
鸡蛋柿子汤,酸 
扬州炒饭,咸
韭菜鸡蛋水饺,咸
三鲜水饺,鲜
黄瓜鲜虾,鲜
麻酱拉皮,咸
酱骨架,咸
炝土豆丝,咸
锅包肉,咸
松仁玉米水饺,咸
西芹猪肉,咸
牛肉熥饺,咸
韭菜鸡蛋,咸
酥鲫鱼,鲜
鲅鱼煎饺,鲜
三鲜馅,鲜
白菜猪肉,咸
熏肠,咸
缤纷炫彩水饺,咸
蒜泥茄子,咸
酸菜猪肉水饺,酸
山东拌菜,咸
软炸里脊,咸
密制酱骨,咸
角瓜鸡蛋,咸
三鲜瑶柱,鲜
有机酸菜猪肉,酸
鸡汤干豆腐丝,咸
风味大拉皮,咸
口水鸡,咸
香辣小土豆,辣
松子玉米水饺,咸
拌海带丝,鲜
葱油白菜,咸
白灼西生菜,咸
茴香猪肉,咸
老汤肘子,咸
菜和饺子,咸
猪蹄,咸
辣子鸡,辣
蜜汁叉烧,甜
叉烧肉饺子,咸
玉米馅饺子,咸
麻辣菠菜,辣
黄瓜鲜虾煎饺,鲜
火龙果汁饺子,甜
罗汉上素,咸
肘花拍黄瓜,咸
五香牛腱,咸
煎千页豆腐,咸
鸡肉香菇,咸
小炒笋衣,咸
生鲜松仁玉米,鲜
石锅草鱼,鲜
大盆凉菜,咸
鸡手压土豆,咸
老式锅包肉,咸
三道鳞锅,咸
豆芽,鲜
香菜,鲜
压锅鸡手,咸
藕片,鲜
麻酱拉皮,咸
三道鳞石锅鱼,鲜
风味烤鱿鱼,鲜
金针菇,鲜
腊八蒜心管,咸
手撕大拌菜,咸
鲜蘑,鲜
麻辣鸭头,辣
香锅鱼,鲜
溜双段,咸
凉皮,咸
炸蘑菇,咸
鸡爪子,咸
鸡爪子土豆,咸
花卷,咸
大虾,鲜
千叶豆腐,咸
毛肚,鲜
干煸豆角,咸
鱿鱼茄子煲,鲜
酱油炒饭,咸
青菜,鲜
紫薯包,甜
皮蛋豆花,咸
炸鱼,鲜
三鲜茄子煲,鲜
梅林午餐肉,咸
软炸香芋球,甜
三道鳞鱼锅,咸
冰杨梅,甜
烤鱼草根,鲜
果仁菠菜,咸
香酥鸡翅,咸
鱼皮,鲜
土豆炒鸡,咸
玉米,鲜
素拍黄瓜,咸
日本豆腐,鲜
护心肉黄蘑,咸
牛板筋,鲜
肉沫小白菜,咸
重庆鸡公煲,咸
肥羊粉,鲜
微辣锅,辣
大头菜,鲜
米饭,鲜
油菜,鲜
香辣杏鲍鱼菇,辣
鹌鹑蛋,鲜
墨鱼丸,鲜
金针菇,鲜
蒜香排骨小煲,咸
排骨锅,咸
撒尿牛丸,咸
豆腐泡,咸
菠菜,鲜
方便面,咸
一锅出,咸
冻豆腐,鲜
盖浇饭,咸
鱼豆腐,咸
火腿片,咸
菜花,鲜
培根肉,咸
午餐肉,咸
金针蘑,鲜
木耳,鲜
藕片,鲜
鸡丸,咸
鲜蘑,鲜
腐竹,鲜
桂花肠,咸
招牌鸡肉中煲,咸
海带根,咸
亲亲肠,咸
蟹排,鲜
香辣牛腩小煲,辣
香菜,鲜
白菜,鲜
炝拌菜,咸
蟹肉棒,鲜
美味羊排小煲,鲜
鸡公煲方便面,咸
鸡公煲荤丸子,咸
招牌鸡肉小煲,咸
甘蓝,鲜
龙虾丸,鲜
娃娃菜,鲜
玉米,鲜
生菜,鲜
章鱼丸,鲜
水煮活鱼,辣
百味口水鸡,咸
宫保鸡丁,咸
磁器口毛血旺,辣
水煮肉片（猪肉）,辣
酸菜活鱼,酸
川北凉粉,辣
养颜豆花,甜
干锅土豆片,咸
鱼香茄子煲,鲜
沸腾鱼,鲜
麻辣香锅,辣
辣子鸡,辣
麻婆豆腐,咸
干煸豆角,咸
担担面,咸
锅包肉,咸
皮蛋豆腐,咸
东北大拉皮,咸
酸梅汁,酸
鱼香肉丝,咸
酸辣蕨根粉,辣
宜宾燃面,辣
馋嘴蛙,辣
银牙凉拌面,咸
蓝莓山药,甜
夫妻肺片,辣
麻辣鸭头,辣
铜盆牛蛙,辣
糯米蒸排骨,咸
蛋煎糍粑,咸
回锅肉,咸
椒香山药排骨,咸
川大厨藤椒串,辣
馋嘴鱿鱼虾,鲜
驰名毛血旺,辣
干锅有机菜花,咸
白灼西生菜,咸
钵钵虾,鲜
干煸四季豆,咸
石锅杏鲍菇,咸
口水香肥牛,鲜
干锅虾,鲜
西湖牛肉羹,咸
麻团,甜
酱油炒饭,咸
虾仁炒饭,鲜
干锅鳕鱼,鲜
摇滚拉皮,咸
鲜橙汁扎,甜
烤鱼配菜,鲜
老爹面,咸
川北凉粉,咸
金针菇海带白菜,咸
辣子鸡,辣
豆豉烤鱼,咸
大麦茶,甜
烤鱼套餐,鲜
土豆条,鲜
苦荞茶,甜
水煮鱼,辣
鱼香肉丝,咸
特色拌凉粉,咸
麻婆豆腐,咸
麻辣味烤鱼,辣
爆炒黄喉,咸
红糖糍粑,甜
夫妻肺片,辣
鸭血,鲜
肥羊粉,鲜
担担面,咸
回锅肉,咸
剁椒鱼,辣
麻辣面,辣
鱼皮,鲜
泡椒,鲜
腐竹,鲜
木耳,鲜
宫保鸡丁,咸
土豆丝,咸
口水鸡,咸
青笋,鲜
馋嘴蛙,辣
大虾,鲜
炸豆皮,咸
红油鸡肚,辣
风味豆花,咸
烧椒皮蛋,咸
鸭头,鲜
麻辣鱼土豆条,辣
小镇萝卜干,咸
小镇泡菜,甜
特色茶水,甜
素拍黄瓜,咸
宽粉,咸
麻辣豆腐,辣
剁椒,辣
爆炒大头菜,咸
长寿面,咸
蚬子,鲜
土豆芒果鱼,甜
碧绿青椒味烤草鱼,鲜
碧绿青椒芒果鱼,辣
碳烤手撕鸡,咸
夯客烤鱿鱼,鲜
海鲈鱼,鲜
面包诱惑,甜
千叶豆腐,咸
自制酸梅汤,酸
炭烤手撕鸡,咸
芒果沙冰,甜
羊肉串,鲜
美女的菠萝油条,甜
冰淇淋,甜
奶香小馒头,甜
水果沙拉,甜
红枣发糕,甜
芝士土豆泥,甜
麻团,甜
乌冬面,咸
酸豆角肉沫炒饭,酸
销魂泡泡蛙,酸
花生冰沙,甜
宽粉,咸
莴笋,鲜
牛肉串,鲜
午餐肉,咸
香辣味三道鳞,辣
猪猪包,甜
藕片,鲜
卤香干丝,咸
香蕉奶昔,甜
蓝莓山药,甜
发泄黄瓜,咸
土豆条,甜
焦糖布丁,甜
海带,鲜
海苔手抓饭,咸
鱼豆腐,咸
麻辣牛板筋,辣
碳火烤鸡,咸
豆皮,鲜
金针菇,鲜 
蒜香烤鱼,鲜
青椒拌面,辣
美蛙锅,辣
蔬菜沙拉,甜
禾味烤鱿鱼,鲜
土豆烤鱼,鲜
金针蘑,鲜
水煮鱼,辣
重庆辣子鸡,辣
川香拉皮,辣
水煮肉片干煸豆角,辣
川香凉粉,辣
鱼香肉丝,咸
酸菜鱼,酸
树椒土豆丝,辣
孜然全腰,咸
夫妻肺片,辣
麻辣豆腐,辣
干锅土豆片,咸
锅包肉,咸
宫保鸡丁,咸
香辣鱿鱼圈,辣
火爆肥肠,咸
三丝爆豆,咸
馋嘴牛蛙,辣
水煮肉片,辣
肉段小土豆,咸
干煸牛肉丝,咸
娃娃菜,鲜
炸鲜奶,甜
油麦菜,鲜
香芋地瓜球,甜
老醋皮蛋,酸
豆花里脊,咸
飘香鸡丁,咸
干烧大肠,咸
肉段茄子,咸
重庆烤鱼,鲜
三香爆豆,咸
火爆腰花,咸
皮蛋豆花,咸
溜肉段,咸
炒竹笋丝,咸
焦烧肉条,咸
毛肚鲜鸭血,鲜
蛋黄焗玉米,咸
大瓶雪碧,甜
酸菜草鱼,酸
回锅腊味,咸
重庆毛血旺,辣
干煸肺子,咸
香辣虾,辣
农家小炒鸡,咸
重庆口水鸡,咸
红烧鱼杂,鲜
农家小炒肉,咸
麻辣莲藕片,辣
烤鱼,鲜
香辣烤鱼,辣
大拌菜,咸
皮蛋豆花,咸
川北凉粉,辣
辣子鸡,辣
锅包肉,咸
梅菜花生米,咸
特色凉粉,咸
白菜,鲜
水煮活鱼,辣
水煮肉片,辣
土豆片,鲜
水晶粉,咸
金针菇,鲜
香辣藕片,辣
鱼肉,鲜
黄豆芽,鲜
干煸豆角,咸
酸菜鱼,辣
四川凉粉,辣
火爆腰花,咸
干锅麻辣鸭头,辣
木耳,鲜
油麦菜,鲜
香辣回锅肉,辣
夫妻肺片,辣
口水鱼,鲜
宫保鸡丁,咸
大头菜,鲜
干豆腐,鲜
干煸牛肉丝,咸
干煸肥肠,咸
烤三道鳞,咸
地三鲜,鲜
溜肉段,咸
香辣排骨虾,辣
香辣鸡丁,辣
扬州炒饭,咸
水豆腐,鲜
鸡丸,咸
腐竹,鲜
墨鱼丸子,鲜
素拍黄瓜,咸
水煮草鱼,辣
酸菜草鱼,酸
家常凉菜,咸
大豆腐,鲜
毛血旺,辣
罗汉笋,鲜
招牌水煮鱼,辣
酱油炒饭,咸
干锅土豆片,咸
辣子鸡,辣
毛血旺,辣
桑拿牛肉,咸
干煸豆角,咸
水煮肉片,辣
夫妻肺片,辣
酸辣土豆丝,辣
麻酱油麦菜,咸
香辣排骨虾,辣
川友拌菜,辣
锅包肉,咸
麻婆豆腐,咸
干锅辣猪手,咸
私家肉烧豆角,咸
水煮牛肉,辣
水煮鱼水煮肉片,辣
担担面,咸
韭菜盒子,咸
干锅鸭头,咸
泡椒凤爪,辣
素拍黄瓜,咸
黑鱼,鲜
干锅牛肉,咸
口水鸡,咸
爽口笋丝,咸
酸汤嫩肥牛,鲜
宫保鸡丁,咸
麻辣豆腐,辣
腊肉土豆丝,咸
什锦炒饭,咸
铁板三样,咸
肉松皮蛋豆腐,咸
鱼香肉丝,咸
馋嘴蛙,辣
老陈醋菠菜,酸
油炸莲白,咸
重庆炖菜,咸
豆花虾仁,鲜
捞汁什锦,咸
金银小馒头,咸
茶树菇炒肉丝,咸
白菜粉丝炒鸡蛋,咸
酸辣粉,辣
凉拌腐竹,咸
酸菜鱼草鱼,辣
香卤鸭舌,咸
山药炒虾仁,鲜
麻辣香锅,辣
米饭,鲜
生菜,鲜
鱼皮脆,鲜
蟹排,鲜
正大鸡丸,咸
章鱼丸,鲜
腐竹,鲜
毛肚,鲜
年糕片,甜
鱼豆腐,咸
五花肉,鲜
干煸豆角,咸
炸地瓜条,甜
土豆粉,咸
桂花肠,咸
太湖燕饺,咸
大虾,鲜
赤鱼条,鲜
茼蒿,鲜
龙虾球,鲜
羊肉卷,鲜
包心鱼卷,鲜
脆骨肠,咸
荷兰豆,咸
烟熏鸭胸,咸
香酥花生,咸
哈尔滨红肠,咸
安井撒尿牛肉丸,咸
鹌鹑蛋,鲜
鱼籽福袋,鲜
肉多多午餐肉,咸
腊肠,咸
一口肠,咸
黑胡椒牛柳,咸
西兰花,鲜
莲藕片,鲜
东北肥羊粉,鲜
小酥肉,咸
龙虾排,鲜
素蛋片,咸
玉米肠,咸
香辣鸡心,辣
玉子烧,咸
孜然肉根,咸
海鲜菇,鲜
蕨菜,鲜
荤菜,咸
水晶包,咸
鸭血,鲜
三道鳞烤鱼,鲜
宽粉,咸
藕片,鲜
米饭,鲜
草鱼烤鱼鳞,鲜
海带丝,鲜
皮蛋豆腐,咸
香辣鸡煲,辣
油麦菜,鲜
花生米,咸
黑鱼烤鱼,鲜
怪味烤鱼,鲜
鲤鱼,鲜
拌菜,咸
肥羊粉,鲜
干豆腐,鲜
冻豆腐,鲜
大头菜,鲜
年糕,甜
鸡公煲,咸
日本豆腐,鲜
土豆,鲜
大豆腐,鲜
莲鱼烤鱼,鲜
炒鸡,咸
豆角,鲜
鹌鹑蛋,鲜
绿茶,甜
桂花肠,咸
红茶,甜
鸭血,鲜
大白梨,甜
老醋花生,酸
羊肉卷,鲜
剁椒皮蛋,咸
娃娃菜,鲜
腐竹,鲜
黄瓜片,鲜
细粉丝,咸
香菇,鲜
撒尿牛丸,咸
白菜,鲜
蟹肉棒,鲜
金针菇,鲜
麻辣烤鱼,辣
豆腐皮,鲜
素拍黄瓜,咸
大白菜,鲜
菠菜,鲜
黄豆芽,鲜
特色烤鱼,鲜
酸辣海带根,酸
千层筋,咸
牛肉串,咸
海鱼芒果鱼,甜
素拍黄瓜,咸
烤饼,咸
金针蘑,鲜
BT鸡翅,咸
涮毛肚含锅,鲜
盐水花生,咸
肥羊粉,鲜
蒜香鳕鱼,鲜
金针菇,鲜
板筋块,鲜
涮干豆腐,鲜
格瓦斯,辣
巴蜀蒜香虾,鲜
巴蜀香辣虾,辣
烤鹌鹑,鲜
望京小腰,咸
蜜汁排骨肉,甜
自制干肠,咸
原油牛肾,咸
烤鸡皮,咸
蒜苔羊排,鲜
烤尖椒,辣
蒜蓉生蚝,鲜
锡纸玉米粒,甜
蒜蓉扇贝,鲜
火腿肠,咸
锡纸粉丝,咸
牛肉筋,咸
猪脆骨,咸
磨牙亮筋,咸
鸡胗,咸
骨肉相连,咸
生烤鸡头,咸
烤鸡丸子,咸
生烤鸡爪,咸
烤面包,咸
珍珍荔枝,甜
醋花生,酸
小馒头,甜
听雪碧,甜
梅菜竹笋丝拌花生,咸
干巴串,咸
烤腊肠,咸
正大鸡丸子,咸
猪肉皮,甜
鸭锁骨,咸
鸭脖,咸
铁板鸭肠炒饭,咸
鸭头,咸
鲜藕,鲜
豆角,鲜
干豆腐,咸
辣花生,辣
土豆片,鲜
鸭舌,鲜
铁板大虾炒饭,鲜
麻辣鸡翅尖,辣
海螺蛳,鲜
肥蚬子,鲜
蚕蛹,咸
鲜奶馒头,甜
秘制金针磨,咸
麻辣鸭胗,辣
章鱼丸,鲜
山竹笋,鲜
麻辣鸭掌,辣
麻辣鸭翅,辣
虾尾,鲜
豆芽,鲜
酱油炒饭,咸
黄瓜,鲜
鸭血,鲜
甜辣锁骨,辣
甜辣鸭翅,辣
风干鸭腿,咸
鸡骨架,咸
美味花生芹菜,咸
招牌香辣毛肚克,辣
鸳鸯贝,鲜
素菜拼盘甜辣,辣
鲜果汁,甜
腐竹,鲜
木耳,鲜
鸡肝,咸
鱼豆腐,咸
藕粉,鲜
毛豆,鲜
香辣猪手,辣
鲜莲藕现切,鲜
山笋,鲜
麻辣鸭腿,辣
豆卷,鲜
蚬子,鲜
鲜蘑,鲜
魔芋丝,鲜
水煮鱼,辣
花生冰沙,甜
毛血旺,辣
鱼香肉丝,咸
砂锅霸皇豆腐,咸
干煸豆角,咸
夫妻肺片,辣
干笋红烧肉,咸
清爽笋片,咸
馋嘴蛙,辣
水煮肉片,辣
宫保鸡丁,咸
金汤酸菜鱼,酸
辣子鸡,辣
口水鸡,咸
肉沫酸豆角,咸
藤椒毛肚,辣
干锅小排,咸
麻婆豆腐,咸
麻辣香锅,辣
回锅肉,咸
担担面,咸
菌香滑鸡煲,鲜
芽菜炒饭,咸
捞汁什锦,咸
香辣干锅虾,辣
干煸四季豆,咸
红枣桂圆奶,甜
芒果冰沙,甜
串串香,咸
西瓜汁,甜
茶树菇牛柳,咸
川北凉粉,辣
鸭肠,鲜
生炒猪肝,咸
豆苗橄榄菜虫草花,鲜
丸子汤,咸
冷面鸡,咸
抹茶冰沙,甜
酱油炒饭,咸
陈皮牛肉,咸
生炒牛肉饭,咸
家常红烧肉,咸
咖喱牛腩,咸
清炒鸡毛菜,咸
盐煎肉,咸
虾仁烧豆腐,鲜
小炒黄牛肉,鲜
泰椒辣炒藕,辣
蟹黄豆腐,鲜
鸭头微辣,辣
红酒雪梨,甜
干锅午餐肉,咸
干豆腐,鲜
水爆肚,鲜
蓝莓山药,甜
经典大锅鸭头,咸
牛肉饭,咸
麻酱拉皮,咸
香菇饭,咸
炒笋尖五折,咸
炒藕片,咸
酱油炒饭,咸
鸭掌,咸
米饭,鲜
鸭翅,咸
炒金针菇,咸
麻团,甜
山东拌菜,咸
鸭脖,咸
海带根,鲜
麻将凉皮,咸
干锅笋尖,咸
经典小锅鸭头,咸
干锅藕片,咸
干锅鸭胗微辣,辣
干锅千页豆腐,咸
水果捞,甜
酸梅汤,酸
扬州炒饭,咸
海藻拌苦苣,鲜
干锅香菇,鲜
冰糖雪梨,甜
蘑菇,咸
麻酱百叶,咸
炒午餐肉五折,咸
打卤面鸡蛋柿子,酸
精品高辣,辣
腊肉饭,咸
芥末肚丝,辣
素拍黄瓜,咸
茶树菇,鲜
可乐,甜
凉拌青笋,鲜
盐水鸭肝,咸
养颜木瓜冻,甜
儿童餐,咸
干锅系列,咸
薯条,咸
粉丝,咸
碧绿青椒芒果鱼,甜
炭烤手撕鸡,咸
禾味烤鱿鱼,鲜
面包诱惑,甜
夯客烤鱿鱼,鲜
碧绿青椒味烤草鱼,甜
香辣芒果鱼,辣
芝士土豆泥,甜
冰淇淋水果沙拉,甜
榴莲冰激凌,甜
酸豆角肉沫炒饭,酸
自制酸梅汤,酸 
土豆烤鱼,鲜
青椒海鲈鱼,鲜
麻团,甜
羊肉串,咸
布丁,甜
午餐肉,咸
海苔手抓饭,咸
土豆条,鲜
金针菇,鲜
藕片,鲜
素拍黄瓜,咸
拌菜,咸
下酒土豆丝,咸
销魂泡泡蛙,酸
乌冬面,咸
莴笋,鲜
红枣发糕,甜
小鱼拌花生,咸
烤鱼配菜,鲜
美女的菠萝油条,甜
焗土豆泥,甜
萌萌的猪猪包,甜
大麦茶,甜
碳烤鱿鱼,鲜
金桔柠檬,甜
鸡汁菌菇味,鲜
木耳,鲜
爽口萝卜,鲜
青椒拌面,辣
香蕉奶昔,甜
阿根廷红虾,鲜
麻辣牛板筋,咸
花生冰沙,甜
泰式拌时蔬,咸
骨肉相连,咸
芒果冰沙,甜
菠萝包,甜
酱香芒果烤鱼,甜
石锅草鱼,咸
大盆凉菜,咸
鸡手压土豆,咸
老式锅包肉,咸
三道鳞锅,鲜
豆芽,鲜
香菜,鲜
压锅鸡手,咸
藕片,鲜
麻酱拉皮,咸
三道鳞石锅鱼,鲜
风味烤鱿鱼,鲜
金针菇,鲜
腊八蒜心管,咸
手撕大拌菜,咸
鲜蘑,鲜
麻辣鸭头,辣
香锅鱼,鲜
溜双段,咸
凉皮,咸
炸蘑菇,咸
鸡爪子,咸
鸡爪子土豆,咸
花卷,咸
大虾,鲜
千叶豆腐,咸
毛肚,鲜
干煸豆角,咸
鱿鱼茄子煲,鲜
酱油炒饭,咸
青菜,鲜
紫薯包,甜
皮蛋豆花,咸
炸鱼,鲜
三鲜茄子煲,鲜
梅林午餐肉,咸
软炸香芋球,甜
三道鳞鱼锅,鲜
冰杨梅,酸
烤鱼草根,鲜
果仁菠菜,咸
香酥鸡翅,咸
鱼皮,鲜
土豆炒鸡,咸
玉米,鲜
素拍黄瓜,咸
日本豆腐,鲜
护心肉黄蘑,咸
牛板筋,咸
肉沫小白菜,咸
土豆芒果鱼,甜
碧绿青椒味烤草鱼,咸
碧绿青椒芒果鱼,甜
碳烤手撕鸡,咸
夯客烤鱿鱼,鲜
海鲈鱼,鲜
面包诱惑,甜
千叶豆腐,咸
自制酸梅汤,酸
炭烤手撕鸡,咸
芒果沙冰,甜
羊肉串,咸
美女的菠萝油条,甜
冰淇淋,甜
奶香小馒头,甜
水果沙拉,甜
红枣发糕,甜
芝士土豆泥,甜
麻团,甜
乌冬面,咸
酸豆角肉沫炒饭,酸
销魂泡泡蛙,酸
花生冰沙,甜
宽粉,咸
莴笋,鲜
牛肉串,咸
午餐肉,咸
香辣味三道鳞,辣
猪猪包,甜
藕片,鲜
卤香干丝,咸
香蕉奶昔,甜
蓝莓山药,甜
发泄黄瓜,咸
土豆条,咸
焦糖布丁,甜
海带,咸
海苔手抓饭,咸
鱼豆腐,咸
麻辣牛板筋,辣
碳火烤鸡,咸
豆皮,鲜
金针菇,鲜
蒜香烤鱼,咸
青椒拌面,辣
美蛙锅,辣
蔬菜沙拉,甜
禾味烤鱿鱼,鲜
土豆烤鱼,鲜
金针蘑,鲜
麻酱拉皮,咸
小鸡蘑菇粉,咸
面鱼,咸
麻辣鸭血苕粉,辣
烤鱼配菜,鲜
老爹面,咸
川北凉粉,辣
金针菇海带白菜,鲜
辣子鸡,辣
豆豉烤鱼,咸
大麦茶,甜
烤鱼套餐,咸
土豆条,咸
苦荞茶,甜
水煮鱼,辣
鱼香肉丝,咸
特色拌凉粉,咸
麻婆豆腐,咸
麻辣味烤鱼,辣
爆炒黄喉,咸
红糖糍粑,甜
夫妻肺片,辣
鸭血,鲜
肥羊粉,鲜
担担面,咸
回锅肉,咸
剁椒鱼,辣
麻辣面,辣
鱼皮,鲜
泡椒,辣
腐竹,鲜
木耳,鲜
宫保鸡丁,咸
土豆丝,咸
口水鸡,咸
青笋,鲜
馋嘴蛙,辣
大虾,鲜
炸豆皮,咸
红油鸡肚,辣
风味豆花,咸
烧椒皮蛋,咸
鸭头,咸
麻辣鱼土豆条,辣
小镇萝卜干,咸
小镇泡菜,咸
特色茶水,甜
素拍黄瓜,咸
宽粉,咸
麻辣豆腐,辣
剁椒,辣
爆炒大头菜,咸
长寿面,咸
蚬子,鲜
烤鱼,鲜
香辣烤鱼,鲜
大拌菜,咸
皮蛋豆花,咸
川北凉粉,辣
辣子鸡,辣
锅包肉,咸
梅菜花生米,咸
特色凉粉,咸
白菜,鲜
水煮活鱼,辣
水煮肉片,辣
土豆片,鲜
水晶粉,咸
金针菇,咸
香辣藕片,辣
鱼肉,鲜
黄豆芽,咸
干煸豆角,咸
酸菜鱼,酸
四川凉粉,辣
火爆腰花,咸
干锅麻辣鸭头,辣
木耳,鲜
油麦菜,鲜
香辣回锅肉,辣
夫妻肺片,辣
口水鱼,咸
宫保鸡丁,咸
大头菜,鲜
干豆腐,咸
干煸牛肉丝,咸
干煸肥肠,咸
烤三道鳞,鲜
地三鲜,鲜
溜肉段,咸
香辣排骨虾,辣
香辣鸡丁,辣
扬州炒饭,咸
水豆腐,鲜
鸡丸,咸
腐竹,鲜
墨鱼丸子,鲜
素拍黄瓜,咸
水煮草鱼,鲜
酸菜草鱼,鲜
家常凉菜,咸
大豆腐,鲜
毛血旺,辣
罗汉笋,鲜
麻辣香锅,辣
米饭,鲜
生菜,鲜
鱼皮脆,鲜
蟹排,鲜
正大鸡丸,咸
章鱼丸,鲜
腐竹,鲜
毛肚,鲜
年糕片,甜
鱼豆腐,咸
五花肉,鲜
干煸豆角,咸
炸地瓜条,甜
土豆粉,咸
桂花肠,咸
太湖燕饺,咸
大虾,鲜
赤鱼条,鲜
茼蒿,鲜
龙虾球,鲜
羊肉卷,鲜
包心鱼卷,鲜
脆骨肠,咸
荷兰豆,咸
烟熏鸭胸,咸
香酥花生,咸
哈尔滨红肠,咸
安井撒尿牛肉丸,咸
鹌鹑蛋,咸
鱼籽福袋,鲜
肉多多午餐肉,咸
腊肠,咸
一口肠,咸
黑胡椒牛柳,咸
西兰花,鲜
莲藕片,鲜
东北肥羊粉,鲜
小酥肉,咸
龙虾排,鲜
素蛋片,咸
玉米肠,咸
香辣鸡心,辣
玉子烧,咸
孜然肉根,咸
海鲜菇,鲜
蕨菜,鲜
荤菜,咸
水晶包,咸
鸭血,鲜
三道鳞烤鱼,鲜
宽粉,咸
藕片,鲜
米饭,鲜
草鱼烤鱼鳞,鲜
海带丝,鲜
皮蛋豆腐,咸
香辣鸡煲,辣
油麦菜,鲜
花生米,鲜
黑鱼烤鱼,鲜
怪味烤鱼,鲜
鲤鱼,鲜
拌菜,咸
肥羊粉,鲜
干豆腐,鲜
冻豆腐,鲜
大头菜,鲜
年糕,甜
鸡公煲,咸
日本豆腐,鲜
土豆,鲜
大豆腐,鲜
莲鱼烤鱼,鲜
炒鸡,咸
豆角,鲜
鹌鹑蛋,鲜
绿茶,甜
桂花肠,咸
红茶,甜
鸭血,鲜
大白梨,甜
老醋花生,酸
羊肉卷,鲜
剁椒皮蛋,咸
娃娃菜,鲜
腐竹,鲜
黄瓜片,鲜
细粉丝,鲜
香菇,鲜
撒尿牛丸,咸
白菜,鲜
蟹肉棒,鲜
金针菇,鲜
麻辣烤鱼,辣
豆腐皮,咸
素拍黄瓜,咸
大白菜,鲜
菠菜,鲜
黄豆芽,鲜
特色烤鱼,鲜
酸辣海带根,辣
千层筋,咸
牛肉串,咸
海鱼芒果鱼,甜
素拍黄瓜,咸
烤饼,咸
金针蘑,鲜
BT鸡翅,咸
涮毛肚含锅,鲜
盐水花生,咸
肥羊粉,鲜
蒜香鳕鱼,鲜
金针菇,鲜
板筋块,咸
涮干豆腐,咸
格瓦斯,辣
巴蜀蒜香虾,鲜
巴蜀香辣虾,辣
烤鹌鹑,咸
望京小腰,咸
蜜汁排骨肉,甜
自制干肠,咸
原油牛肾,咸
烤鸡皮,咸
蒜苔羊排,鲜
烤尖椒,辣
蒜蓉生蚝,辣
锡纸玉米粒,甜
蒜蓉扇贝,鲜
火腿肠,咸
锡纸粉丝,咸
牛肉筋,咸
猪脆骨,咸
磨牙亮筋,咸
鸡胗,咸
骨肉相连,咸
生烤鸡头,咸
烤鸡丸子,咸
生烤鸡爪,咸
烤面包,甜
珍珍荔枝,甜
醋花生,酸
小馒头,甜
听雪碧,甜
梅菜竹笋丝拌花生,鲜
干巴串,咸
烤腊肠,咸
正大鸡丸子,咸
猪肉皮,咸
麻辣香锅单人餐,辣
土豆片,鲜
香菜,鲜
肥羊粉,鲜
羊排肉,鲜
小白菜,鲜
油菜,鲜
菠菜,鲜
双肉锅,咸
茄子,鲜
鲜蘑,鲜
米饭单点不送,鲜
海带,咸
有机菜花,咸
千叶豆腐,咸
丸子培根套餐,咸
蔬菜锅,咸
绿甘蓝,鲜
鸡肉蔬菜,咸
章鱼丸,鲜
鱼豆腐,咸
豆皮,鲜
木耳,鲜
地瓜片,鲜
紫薯糯米丸,甜
虾米饺,鲜
毛肚,鲜
鱼排,鲜
芹菜段,鲜
安井牛丸,咸
正大鸡丸,咸
鹌鹑蛋,鲜
年糕片,甜
黄金脆骨丸,咸
蒙古肉,咸
龙虾排,鲜
玉米香肠,咸
西芹,鲜
海鲜菇,鲜
孜然肉条,咸
猪里脊肉,咸
厅雪碧,甜
厅芬达,甜
厅珍珍,甜
厅百事可乐,甜
甜玉米,甜
鱼籽包,鲜
山药片片,鲜
培根鸡肉猪肉双人餐,咸
波波肠,咸
蜀湘石锅鱼,鲜
辣子鸡,辣
孜然肉筋,咸
大虾,鲜
梅林午餐肉,咸
安井章鱼丸,鲜
石锅草鱼至尊版,鲜
毛肚,鲜
老汽水,甜
皮蛋豆腐花,咸
锅包肉,咸
滋味肉,咸
干煸豆角,咸
三丝爆豆,咸
香汁拉皮,咸
油麦菜,鲜
干锅娃娃菜,咸
蛋黄焗南瓜,甜
油泼面,咸
石锅草根鱼顶配版,鲜
小毛葱炒鸡胗,咸
麻团,甜
水煮肉片,辣
长豆角烧杭茄子,咸
竹笋尖,鲜
护心肉烧土豆片,咸
格瓦斯,辣
小开卫,甜
金针蘑,鲜
白菜,鲜
木耳,鲜
菠菜,鲜
地三鲜,鲜
火爆甘蓝,咸
酱油肥肠,咸
笨豆芽炒粉,咸
生炒有机菜花,咸
五花肉油豆角烧宽粉,咸
回锅肉,咸
老肉压豆腐,咸
红烧日本豆腐,咸
干锅千叶豆腐,咸
干炸小河虾,鲜
酸辣无骨鸡爪,辣
冰镇杨梅,甜
双椒皮蛋,咸
绿茶,甜
美味海带,咸
芥末肚丝,辣
原汁麦,鲜
大面筋,咸
培根鸡蛋炒饭,咸
蛋炒饭,咸
老干妈鸡蛋炒饭,咸
火腿鸡蛋炒饭,咸
卫龙鸡蛋炒饭,辣
红肠鸡蛋炒饭,咸
玉米鸡蛋炒饭,咸
腊肠鸡蛋炒饭,咸
蔬菜香辣鸡排,咸
麻辣拌,辣
香辣火腿煎蛋,辣
番茄火腿煎蛋,酸
鸡肉洋葱圈,甜
鸡胗,咸
大白梨,甜
香脆红肠,咸
老干妈炒饼,辣
培根炒饼,咸
爆浆鸡排,咸
珍珍荔枝,甜
蟹棒土豆粉,鲜
番茄炸鸡饭,酸
火腿土豆粉,咸
番茄烤肉拌饭,酸
黑椒烤肉拌饭,咸
沙拉烤肉拌饭,咸
炸鸡叉,咸
鸡骨架,咸
鸡肉丸,咸
鸡心,咸
鸡块,咸
香菜卷,咸
大头菜,鲜
蟹排,鲜
素鸡翅,咸
薄脆,咸
铁板干豆腐,咸
大果子,甜
炸冷面卷鸡皮,咸
无骨鸡柳,咸
炸豆皮,咸
猪肉酱土豆泥饭包,咸
鸡蛋酱土豆泥饭包,咸
红肠鸡蛋炒饼,咸
土豆丝,咸
青菜炒饼,咸
台湾烤肠,咸
特色炸小饼,咸
长沙汤汁臭豆腐,咸
鸭头微辣,辣
红酒雪梨,甜
干锅午餐肉,咸
干豆腐,鲜
水爆肚,鲜
蓝莓山药,甜
经典大锅鸭头,咸
牛肉饭,咸
麻酱拉皮,咸
香菇饭,咸
炒笋尖五折,咸
炒藕片,咸
酱油炒饭,咸
鸭掌,咸
米饭,鲜
鸭翅,咸
炒金针菇,鲜
麻团,甜
山东拌菜,咸
鸭脖,咸
海带根,鲜
麻将凉皮,咸
干锅笋尖,咸
经典小锅鸭头,咸
干锅藕片,咸
干锅鸭胗微辣,辣
干锅千页豆腐,咸
水果捞,甜
酸梅汤,酸
扬州炒饭,咸
海藻拌苦苣,鲜
干锅香菇,鲜
冰糖雪梨,甜
蘑菇,鲜
麻酱百叶,咸
炒午餐肉五折,咸
打卤面鸡蛋柿子,酸
精品高辣,辣
腊肉饭,咸
芥末肚丝,辣
素拍黄瓜,咸
茶树菇,鲜
可乐,甜
凉拌青笋,咸
盐水鸭肝,咸
养颜木瓜冻,甜
儿童餐,咸
干锅系列,咸
薯条,咸
粉丝,咸
鱼豆花,鲜
金沙江龙鱼,鲜
古道嫩牛肉,鲜
烈焰麻辣牛肉,辣
浪漫鲜花饼,甜
棒打虾滑,鲜
网红果冻鸭血,鲜
佛手鲜猴头,甜
脱骨鸭掌,咸
又见小酥肉,咸
锡盟羔羊肋排,鲜
至尊肥牛,鲜
竹竿舞嫩竹荪,鲜
丽江斑鱼片,鲜
特色烤鱼,鲜
极品牛胸口,鲜
七彩蔬菜拼盘,鲜
乌鸡肉卷,鲜
前女友鲜鸭肠,鲜
牦牛脆肚,鲜
草原羔羊,鲜
白玉冰笋,鲜
金针菇,鲜
肥羊粉,鲜
午餐肉,咸
浓汁冻豆腐,咸
撒尿牛肉丸,甜
开心娃娃菜,鲜
大理麻辣肚丝,辣
一绝鸭血,鲜
高钙羊肉卷,鲜
鲜豆皮,鲜
水晶粉,咸
土豆片,鲜
自选小料,咸
蔬菜面,咸
生菜,鲜
澜沧鱼,鲜
澜沧江鱼,鲜
纳西三米扯面,咸
包浆豆腐,鲜
土家族雪山粉,咸
全家福,咸
丰满的菌蔬拼盘,鲜
雪花肥牛,鲜
麻辣菌鸳鸯锅,辣
麻辣香锅,辣
酸梅汤,酸
土豆片,鲜
生菜,鲜
米饭,鲜
培根,咸
鱿鱼圈,鲜
羊肉,鲜
火腿,鲜
青菜,鲜
方便面,咸
腐竹,鲜
豆皮,鲜
银耳,鲜
豆芽,鲜
菠菜,鲜
油麦菜,鲜
莴笋,鲜
白玉菇,鲜
莲藕片,鲜
娃娃菜,鲜
西兰花,鲜
木耳,鲜
香菇,鲜
鸡肉,鲜
百威啤酒,辣
玉米,鲜
肥羊粉,鲜
烤麸,咸
大头菜,鲜
香菜,鲜
豆泡,鲜
魔芋丝,鲜
竹笋尖,鲜
鲜蘑,鲜
干豆腐,鲜
红薯片,鲜
年糕,甜
石锅碟鱼头,咸
养生大拌菜,咸
醋花生,酸
醋皮蛋,鲜
椒麻骨筋皮,咸
香辣牛板筋,辣
香辣牛蛙锅,辣
木耳,鲜
贡菜,鲜
排骨鸡爪锅,咸
黑椒龙利鱼锅,鲜
金针蘑,鲜
羊肉片,鲜
香辣草鱼,辣
香辣鲤鱼锅,辣
千叶豆腐,鲜
手撕猪心,鲜
素拍黄瓜,咸
可乐,甜
土豆条,鲜
莲藕片,鲜
肥羊粉,鲜
金针菇,鲜
爽口海带根,鲜
梅林午餐肉,咸
丸子开会,咸
酒醉花蚬,鲜
牛腩萝卜锅,鲜
苕粉,鲜
香辣虾锅,辣
石锅鱼,甜
石锅鸡,鲜
香菜,鲜
豆芽,鲜
芹香小牛肉,鲜
皮蛋豆腐花,咸
石锅虾,鲜
金针菇,鲜
护心肉,鲜
干炸鲜蘑,鲜
辣子鸡,辣
莲藕,鲜
金针蘑,鲜
黄长芽,鲜
石锅鱼,鲜
凉菜,咸
金针菇,鲜
香菜,鲜
午餐肉,咸
藕片,鲜
皮蛋豆花,咸
自制鱼形皮冻,咸
豆芽,鲜
红油蕨根粉,辣
石锅三道鳞,鲜
丸拼,咸
飘香辣子鸡,辣
香芋地瓜丸,甜
铁板茄盒,鲜
没骨头的鸡爪,鲜
香辣鱿鱼,辣
一品豆花,甜
娃娃菜,鲜
美式土豆球烧肉段,咸
什锦罐头,甜
鲜菇,鲜
餐前小串,咸
奶香小花卷,咸
虾球爆鸡丁,鲜
流口水的毛肚,鲜
鲜豆皮,鲜
红糖糍粑,甜
干锅肥肠土豆片,咸
海带根,鲜
酱油炒饭,咸
小米酱油土豆丝,咸
宫保鸡丁,咸
大虾,鲜
压锅凤爪,咸
牛肉丸,咸
玉泉,鲜
香辣牛板筋,辣
红糖糍杞,甜
肉段烧茄子,咸
麻辣豆腐,辣
水煮鱼,辣
韩式鸡爪炒年糕,咸
椒麻小酥肉,咸
什锦水果,甜
酸萝卜,酸
留香小炒,咸
木耳,鲜
四川酸菜,酸
石锅酸菜鱼,酸
石锅碟鱼头,酸
养生大拌菜,咸
醋花生,酸
醋皮蛋,酸
椒麻骨筋皮,咸
香辣牛板筋,辣
香辣牛蛙锅,辣
木耳,鲜
贡菜,鲜
排骨鸡爪锅,咸
黑椒龙利鱼锅,鲜
金针蘑,鲜
羊肉片,鲜
香辣草鱼,辣
香辣鲤鱼锅,辣
千叶豆腐,鲜
手撕猪心,咸
素拍黄瓜,咸
可乐,甜
土豆条,鲜
莲藕片,鲜
肥羊粉,鲜
金针菇,鲜
爽口海带根,鲜
梅林午餐肉,咸
丸子开会,咸
酒醉花蚬,鲜
牛腩萝卜锅,鲜
苕粉,咸
香辣虾锅,辣
鸡头,鲜
面包片,甜
羊肉串,鲜
牛腰子,咸
烤辣椒,辣
烤鸡皮,咸
脆骨肠,咸
烤韭菜,咸
烤鸡心,咸
秘制梅肉串,甜
猪肉串,咸
干豆腐卷鸡蛋,咸
牛肉筋串,咸
香炸豆腐泡,咸
香炸小油条,咸
火山石烤肠,咸
洋葱圈,鲜
五香里脊,咸
芝麻牛肉串,咸
大骨肉相连,咸
土豆片,鲜
香炸金针菇,咸
半张饼,咸
炸冷面,咸
老式鸡肉棒,咸
培根,咸
盐酥鸡,咸
脆嫩菜花,咸
香脆地瓜片,甜
牛排,鲜
鲜蘑串,鲜
炸面筋,咸
鱼肉卷,鲜
蟹排,鲜
章鱼丸,鲜
虾丸,鲜
鳕鱼排,鲜
香辣烤鱼,辣
鲜肉包,咸
牛肉包子,咸
牛肉馅饼,咸
炸元宵,甜
鱿鱼须,鲜
炫风薯塔,甜
可乐,甜
荔枝珍珍,甜
芝香鸡肉串,咸
甘兰,鲜
炸粉肠,咸
香炸茄子片,咸
经典香锅,辣
农夫山泉矿泉水,鲜
红苹果果汁,甜
川香鸡柳,咸
玉子烧,咸
三鲜意面,鲜
风味牛排,鲜
里脊肉片,咸
安井鱼籽包,鲜
大虾质量超好那种,鲜
烤冷面,咸
收藏福利骨肉相连,咸
鲜榨百香果汁,甜
双人芒果鱼套餐,甜
青椒烤鱼,辣
烤羊肉大串,鲜
土豆片,鲜
酱香芒果烤鱼,甜
鲈鱼,鲜
藕片,鲜
海带,鲜
鱼豆腐,鲜
蒜香芒果鱼,甜
娃娃菜,鲜
水果沙拉,甜
米饭,鲜
鲜蘑,鲜
红糖糍粑,甜
吊炉烤鸡,咸
香辣草鱼烤鱼,辣
白菜,鲜
干锅虾恋牛蛙,辣
烤生蚝,鲜
木耳,鲜
山东大拌菜,咸
功夫口水鸡,辣
捞汁什锦,咸
客官香辣芒果鱼,辣
鲜豆腐皮,鲜
烤鸡翅,咸
烤牛肉大串,鲜
流口水的毛肚,鲜
烤鸡手,咸
脱骨凤爪,咸
鲜豆腐,鲜
一鱼两吃,鲜
小羊肉串,鲜
金针菇,鲜
黄金小馒头,甜
小牛肉串,咸
椒盐土豆球,咸
东北大拉皮,咸
烤牛腰子,咸
捞汁油麦菜,咸
拌秋葵,咸
鲜榨芒果汁,甜
干锅麻辣龙虾尾,辣
成都担担面,咸
草莓拿铁,甜
肥羊粉,鲜
肉沫凉拌面,咸
果仁菠菜,咸
香菜牛肉,鲜
胡椒牛肉,鲜
串串,咸
蘸料,咸
酥肉,咸
鸳鸯锅三鲜,鲜
香辣牛板筋,辣
红汤锅底,辣
麻辣牛肉,辣
绿盘鸭肠,鲜
红盘鸭血,鲜
橙盘午餐肉,咸
橙盘蟹肉,鲜
冻豆腐,鲜
绿盘黑百叶,鲜
红盘面条,咸
红盘木耳,咸
蓝盘牛骨髓,鲜
蓝盘鲍鱼,鲜
蓝盘鸳鸯贝,鲜
蓝盘带籽乌鱼,鲜
橙盘培根,咸
金针菇,鲜
酸梅汤,酸
肥羊,鲜
肥牛,鲜
纸包鱼套餐,鲜
纸包鱼,鲜
红糖糍粑,甜
金桔柠檬,甜
裙带菜,咸
原汁麦,鲜
特色肥肠锅,鲜
单人锅底,鲜
精品羊肉,鲜
红盘苕粉,鲜
精美凉菜,鲜
藕片,鲜
罐头,咸
毛豆花生,咸
蒜蓉基围虾,甜
海螺丝,鲜
脊骨,鲜
鸡肚,鲜
烧鸡,咸
冰露矿泉水,鲜
全麦精酿,辣
益生菌,甜
夫妻肺片,辣
雪熊白啤,辣
毛肚锅套餐,鲜
拍黄瓜,鲜
牛肉串,鲜
肇东小饼,咸
望奎小腰,咸
烤肉,咸
金条面包,甜
奥尔良鸡肉手把串,咸
烤多宝鱼,鲜
炭烤牛胸口朥,鲜
涮毛肚,鲜
烤尖椒,辣
康师傅方便面,咸
麻辣鸡胗手把串,辣
烤鱼豆腐,咸
烤脆脆肠,咸
海带根,鲜
牛心管,咸
烤实蛋,咸
金锣火腿肠,咸
烤蒜,咸
生烤鸡头,咸
美容肉皮,咸
生烤鸡爪,咸
烤烧饼,咸
BT鸡翅,咸
吊炉小羊腿,鲜
吊炉脆皮鸡脖,咸
锡纸拉丝玉米粒,甜
串烧奶香小馒头,甜
锡纸蒜蓉小龙虾,咸
鸡心手把串,咸
鲜羊肉手把串,鲜
嫩牛肉手把串,鲜
烤千叶豆腐,咸
烤热狗肠,咸
海底捞蘸料,咸
老铁烤豆皮,咸
室内无烟烧烤炉,咸
鸡翅尖手把串,咸
健力宝荔枝饮料,甜
原味双筋,咸
烤猪蹄,咸
方火腿片,咸
涮金针菇,鲜
BT烤鸡脖,咸
亮赢大窑橙汁,咸
烤鸡丸子,咸
雪花纯生啤酒,辣
酸黄瓜,酸
碧绿青椒芒果鱼,甜
炭烤手撕鸡,咸
禾味烤鱿鱼,鲜
面包诱惑,甜
夯客烤鱿鱼,鲜
碧绿青椒味烤草鱼,咸
香辣芒果鱼,辣
芝士土豆泥,甜
冰淇淋水果沙拉,甜
榴莲冰激凌,甜
酸豆角肉沫炒饭,酸
自制酸梅汤,酸
土豆烤鱼,鲜
青椒海鲈鱼,鲜
麻团,甜
羊肉串,鲜
布丁,甜
午餐肉,咸
海苔手抓饭,咸
土豆条,鲜
金针菇,鲜
藕片,鲜
素拍黄瓜,咸
拌菜,咸
下酒土豆丝,咸
销魂泡泡蛙,酸
乌冬面,咸
莴笋,鲜
红枣发糕,甜
小鱼拌花生,咸
烤鱼配菜,鲜
美女的菠萝油条,甜
焗土豆泥,甜
萌萌的猪猪包,甜
大麦茶,鲜
碳烤鱿鱼,鲜
金桔柠檬,甜
鸡汁菌菇味,鲜
木耳,鲜
爽口萝卜,鲜
青椒拌面,咸
香蕉奶昔,甜
阿根廷红虾,鲜
麻辣牛板筋,辣
花生冰沙,甜
泰式拌时蔬,咸
骨肉相连,咸
芒果冰沙,甜
菠萝包,甜
酱香芒果烤鱼,甜
草鱼,鲜
凉拌海带丝,鲜
金针蘑,鲜
江团鱼,鲜
莲藕片,鲜
豆皮,鲜
干豆腐,鲜
什锦罐头,甜
冬瓜片,鲜
娃娃菜,鲜
茼蒿,鲜
生菜,鲜
芹菜花生米,咸
主推青椒芒果鱼,甜
招牌香辣芒果香,辣
金针菇,鲜
土豆,鲜
白菜,鲜
碳烤羊肉串,鲜
酸梅汁,酸
宽粉,咸
虾仁娃娃菜,鲜
酱香烤鱼,鲜
银鱼花生米,鲜
鱼豆腐,咸
水果沙拉,甜
蒜拍黄瓜,咸
麻辣牛板筋,辣
椒香手撕鸡,咸
金桔烤鱼,鲜
日式蔬菜沙拉,甜
招牌香辣烤鱼,辣
豉香烤鱼,鲜
芒果养乐多,甜
罐罐毛肚,鲜
红酒雪梨,甜
金桔柠檬,甜
小笼包,咸
老板主推青椒烤鱼,鲜
风味凉莲藕,酸
玫瑰蔓越莓奶昔,甜
刨冰黄桃珍珠,甜
剁椒烤鱼,鲜
香辣烤鱼,辣
魔芋结,鲜
黄长芽,鲜
风味凉菜,咸
麻酱面莲藕,咸
黄金奶香馒头,甜
鲜豆皮,鲜
海鲈鱼,鲜
麻辣龙虾尾,辣
梅林午餐肉,咸
油麦菜,鲜
海鲜鸡爪虾锅,鲜
麻辣鸭头,辣
网红酱芒果果鱼,甜
现榨玉米汁,甜
贵妃鱼,鲜
时蔬豆干,甜
藤椒芒果鱼,甜
现榨奇异果汁,甜
黄豆芽,鲜
酥脆土豆片,咸
酱香烤鱼,鲜
猪猪冻,咸
超有料冰粉,甜
青花椒烤鱼,鲜
黄豆芽,鲜
初恋奶茶,甜
脆嫩莲藕片,鲜
酸辣蕨根粉,酸
东北三道鳞,鲜
香辣干锅鸡翅,辣
椒麻脆鸡爪,咸
椒盐蘑菇,鲜
三道鳞川渝秘辣,辣
稻田草鱼,鲜
辣卤鸡爪,辣
小油条,咸
脆爽拍黄瓜,咸
解辣情人梅,甜
毛血旺,辣
香辣啤酒鸡翅,辣
水盆牛肉,鲜
脆皮香辣大虾,辣
扬州炒饭,咸
辣卤鸡胗,辣
皓月牛肉串,鲜
万州泡椒牛蛙,辣
猪小腰,咸
牛胸口,鲜
可口可乐,甜
泉阳泉,甜
百香果养乐多,甜
解腻酸梅汁,酸
招牌香辣炭烤活鱼,辣
糖醋怪味烤鱼,酸
芬达,甜
雪碧,甜
芝士茉莉,甜
草莓汁,甜
美年达,甜
加多宝,甜
梅林午餐肉,咸
弹宽粉,鲜
川渝秘辣炭烤活鱼,辣
风味豆豉炭烤活鱼,咸
颜值冰粉,甜
杏鲍菇,鲜
肥羊粉,鲜
菠菜,鲜
娃娃菜,鲜
香辣烤鱼,辣
巫山烤全鱼,鲜
肥羊粉,鲜
娃娃菜,鲜
麻酱拉皮,咸
三道鳞,鲜
金针菇,鲜
麻辣豆腐,咸
米饭,鲜
干锅鸭头,咸
藕片,鲜
豆腐皮,鲜
酸菜烤鱼,酸
蒜香烤鱼,鲜
油麦菜,鲜
水煮牛肉,鲜
豆豉烤鱼,鲜
豆芽,鲜
锅包肉,咸
鱼肉,鲜
手撕拌菜,咸
溜肥肠,咸
剁椒烤鱼,辣
微辣烤鱼,辣
家常凉菜,咸
干锅菜花,咸
怪味烤鱼,鲜
鲤鱼,鲜
小鸡炖蘑菇粉条,咸
经典青椒芒果烤鱼,甜
木耳,鲜
魔芋结,鲜
鲜蘑,鲜
西生菜,鲜
大丰收,鲜
柠檬汁,甜
奶茶,甜
回锅肉,咸
珍珍荔枝饮料,甜
铁板鱿鱼,鲜
水煮肉片,辣
可乐鸡翅,甜
孜然里脊,咸
油焖大虾,鲜
干炸小河虾,鲜
护心肉,鲜
干锅虾头,鲜
开边蚕蛹,咸
铁板小梅肉,甜
乌冬面,咸
芒果鱼,甜
酸梅汤,酸
小食自助,甜
小菜,咸
碧绿藤椒芒果鱼,甜
香辣单人烤鱼,辣
藤椒烤鱼,鲜
金针菇,鲜
黄豆芽,鲜
拌干豆腐丝,咸
牛板筋,鲜
豆皮,鲜
干豆腐,鲜
薯条,咸
盐酥鸡,咸
天妇罗虾,鲜
红糖糍粑,甜
泡椒红石斑,辣
小酥肉,咸
藤椒烤鱼饭,辣
蒜香烤鱼饭,咸
玉米酥,甜
星星钻戒虾,鲜
藤椒小排,辣
炸鸡柳,咸
黑鮰鱼,鲜
红斑鱼,鲜
酱香烤鱼,鲜
蒜香海鲈鱼,鲜
鸡肉小串,咸
银耳红枣羹自助,甜
点心,甜
鹌鹑蛋,咸
甜品自助,甜
小吃自助,咸
凉菜自助,咸
米饭自助,鲜
番茄子,酸
宽粉,咸
咖喱,辣
海带,鲜
拌菜,咸
好多鱼,鲜
豆豉,咸
酸菜,酸
香辣烤鱼,辣
土豆条,鲜
甘蓝,鲜
梭边鱼锅,鲜
萝卜,鲜
瓜丝金针菇,鲜
鹌鹑蛋,鲜
腐竹,鲜
鲤鱼,鲜
肥羊粉,鲜
黄瓜条,鲜
牛栏山,辣
海带根,甜
亲亲肠,咸
呛土豆丝,咸
龙虾排,鲜
菠菜,鲜
洋葱,鲜
可乐,甜
香菜,鲜
羊肉卷,鲜
鱼丸,鲜
魔芋结,鲜
百威啤酒,辣
日本豆腐,鲜
花蚬子不可单点,鲜
哈尔滨啤酒,辣
炝干豆腐,咸
西兰花,咸
雪花原汁麦,辣
鲜蘑,鲜
鲜豆皮,鲜
大虾不可单点,鲜
草鱼,鲜
芹菜,鲜
圆葱,鲜
豆芽,鲜
娃娃菜,鲜
酸菜,酸
午餐肉,咸
鸭血,鲜
红薯片,鲜
康师傅酸梅汁,酸
鱼豆腐,咸
油麦菜,鲜
素拍黄瓜,咸
醋花生,酸
杏鲍鱼菇,鲜
莲藕片,咸
梅菜花生,咸
竹笋尖,鲜
大头菜,鲜
木耳,鲜
土豆片,鲜
绿茶,甜
石锅鱼,鲜
手工面,咸
豆芽,鲜
金针菇,鲜
炝干豆腐,鲜
鸭血,鲜
午餐肉,咸
油麦菜,鲜
山药,鲜
茼蒿,鲜
烤青鱼,鲜
菠菜,鲜
丸拼,咸
青拼,鲜
手切牛肉,鲜
丸子拼盘,咸
香油,鲜
冬瓜,鲜
菌拼,鲜
中辣锅,辣
手切羊肉,鲜
杏鲍鱼菇,鲜
麻酱,咸
韭菜,鲜
撒尿牛肉丸,咸
五花肉,鲜
肥牛,鲜
姜汁松花蛋,咸
葱花,鲜
水爆肚,鲜
江小白,辣
蜜雪冰城柠檬汁,甜
蜜雪冰城鲜橙味,甜
蜜雪冰城百香果,甜
斑鱼微辣锅,辣
斑鱼麻辣锅,辣
干锅牛蛙,辣
酱油炒饭,咸
魔芋结,鲜
皮蛋豆腐,咸
大红茶,甜
大开胃,酸
大格瓦斯,辣
大美年达,甜
木耳,鲜
鱼丸,鲜
毛肚,鲜
老虎菜,辣
油炸花生米,咸
百威,辣
香辣烤鱼,辣
鱼香烤芒果鱼,甜
炭烤三道鳞,鲜
鸡翅虾,鲜
肥羊粉,鲜
酸梅汁,酸
火匠烤鱼,鲜
土豆,鲜
巴西烤翅,咸
干豆腐,鲜
奶香大花卷,甜
蒜香烤鱼,鲜
豆豉烤鱼,鲜
干锅鸭头,咸
木耳,鲜
火匠鸭头锅,咸
泡泡蛙,酸
烤生蚝,鲜
凉皮,咸
芒果鱼烤鱼套餐,甜
酱香烤鱼,鲜
爽口小菜,咸
鲶鱼,鲜
油麦菜,鲜
鲜芒果园,甜
莲藕,鲜
娃娃菜,鲜
虾兵蟹将,鲜
豆腐皮,鲜
红糖滋粑,甜
黑椒草鱼,鲜
海带,鲜
海鲈鱼,鲜
土豪白菜,咸
芝士玉米粒,甜
老醋花生,酸
鱼很新鲜,鲜
小吃拼盘,咸
麻辣串串香,辣
干煸豆角,咸
黄瓜条,鲜
重庆口水鸡,辣
钢管鸡,咸
川北凉粉,辣
鲜青椒烤鱼,鲜
排骨虾,鲜
剁椒烤鱼,鲜
柠檬酸梅饮,甜
金针菇,鲜
鲜豆皮,鲜
手撕大拌菜,咸
四川苕粉,辣
肥羊粉,鲜
黄花菜,咸
安井亲亲肠,咸
安井鱼豆腐,咸
烤草鱼,鲜
烤海鲈鱼,鲜
安井撒尿牛肉丸,咸
烤芒果鱼,甜
红薯片,甜
白菜,鲜
香菜,鲜
娃娃菜,鲜
绿茶,甜
红茶,甜
鱼香肉丝,鲜
火爆大头菜,咸
回锅肉,咸
一绝干豆腐,咸
辣子鸡,辣
地三鲜,鲜
香辣千叶豆腐,辣
水煮肉片,辣
木耳,鲜
章鱼丸,鲜
菠菜,鲜
干煸豆角,咸
香辣大虾,辣
四川绍粉,辣
油麦菜,鲜
金针菇,鲜
豆芽,鲜
安井蟹棒,鲜
绿甘蓝,鲜
可乐,甜
毛血旺,辣
肉沫茄子,咸
香辣鸭头,辣
手切面,咸
莲藕片,鲜
海带,鲜
鲫鱼豆腐汤,鲜
湄公鱼,鲜
青花椒味烤鱼,鲜
三花鱼,鲜
芝麻大饼,咸
土豆丝,咸
香辣味烤鱼,辣
十三香味烤鱼,鲜
湄公鱼套餐,鲜
鱼豆腐,咸
蒜香烤鱼,鲜
米饭,鲜
怪味烤鱼,鲜
酱香味烤鱼,鲜
苕粉,辣
金桔柠檬,甜
清江鱼,鲜
农家拌菜,咸
草鱼,鲜
油麦菜,鲜
干豆腐,鲜
莲藕片,鲜
蒜香味翅中,咸
红薯片,鲜
海带,鲜
西兰花,鲜
金针蘑,鲜
鹌鹑蛋,鲜
土豆片,鲜
麻酱拉皮,咸
座位旁边的小鱼儿,甜
拍黄瓜,鲜
扬州炒饭,咸
口水鸡,咸
酱油炒饭,咸
香辣板筋,辣
醋花生,酸
香辣虾,辣
丁香鱼拌菠菜,鲜
豆皮,鲜
脱骨鸡爪,咸
青花椒味湄公鱼,鲜
酱香味大虾,鲜
香辣味大虾,辣
麻辣味牛蛙,辣
青花椒牛蛙,咸
豆豉味大虾,鲜
蒜香味大虾,鲜
麻辣味大虾,辣
十三香大虾,咸
经典麻辣烤鱼,辣
手工黑豆花,甜
秘制酱香烤鱼,鲜
包浆豆腐,咸
QQ炸鸡架,咸
桂花酸奶,酸
金色蒜香烤鱼,鲜
椒融大拌菜,咸
火锅奶茶冰粉,甜
芒果鱼,甜
烤掌中宝,咸
翡翠青椒烤鱼,鲜
酸梅汤(扎),酸
云顶酥肉,咸
米饭,鲜
杨枝甘露小火锅,甜
水果茶,甜
红薯,甜
怪味麻辣烤鱼,辣
烤脑花,鲜
黑椒猪颈肉,咸
年糕,甜
麻汁拉皮,咸
青莴笋,鲜
黑椒蚝油烤鱼,鲜
玫瑰水,甜
藕片,鲜
冰淇淋,甜
菠萝油条,甜
荔枝香辣味烤鱼,辣
儿童披萨,咸
香辣鱿鱼脚,鲜
小油条,咸
玉米,鲜
方便面,咸
把把烧,咸
烤鸡爪,咸
手撕大拌菜,咸
炭烧猪颈肉,咸
红糖糍粑,甜
葱拌螺片,甜
棒棒鸡丝,咸
捞汁花甲,鲜
土豆片,鲜
苕粉,鲜
午餐肉,咸
金针菇,鲜
麻辣双脆,辣
无作为西兰花,咸
香脆鱼肚,鲜
芒果鱼烤鱼,甜
鳞烤鱼,鲜
素什锦焖面,咸
丸类焖面,咸
土豆,鲜
黄豆芽,鲜
大头菜,鲜
腐竹,鲜
海带,鲜
紫菜蛋花汤,鲜
荔枝厅饮,甜
黄长芽,鲜
芹菜,鲜
白菜,鲜
干豆腐,鲜
小菜拼盘,鲜
龙虾排,鲜
章鱼丸,鲜
茄条,鲜
排骨鲜豆角焖面,鲜
麻汁拉皮,咸
梅菜笋丝,咸
香菇丸,咸
午餐肉,咸
鸡丸,咸
西兰花,鲜
木耳,鲜
藕片,鲜
生菜,鲜
鸭血,鲜
黄瓜条,鲜
肥羊粉,鲜
金针菇,鲜
娃娃菜,鲜
地瓜片,鲜
油麦菜,鲜
草鱼烤鱼,鲜
烤鲤鱼,鲜
鲈鱼烤鱼,鲜
招牌烤鱼,鲜
怪味鱼,鲜
巧手大拌菜,咸
重庆口水鸡,辣
巫山烤全鱼,鲜
麻汁拉皮,咸
牛肉串,鲜
米饭,鲜
蒜香猪肝,咸
芒果鱼无配菜,甜
素拍黄瓜,咸
羊肉串,鲜
金针菇,鲜
自制酸梅汤,酸
锅包肉,咸
菜卷,鲜
麻将拉皮,咸
凉拌海带丝,咸
干豆腐,鲜
三道鳞,鲜
日本豆腐,鲜
炒方便面,咸
珍珠汤,咸
蒜香小龙虾,鲜
奶香小馒头,甜
三丝爆豆,咸
酱油炒饭,咸
单人无骨巴沙鱼,鲜
蛋炒饭,咸
辣炒花蚬子,辣
梅菜竹笋丝花生米,咸
炸花生米,咸
芹菜炝腐竹,咸
炝土豆丝,咸
毛肚,鲜
老虎菜,辣
红薯片,鲜
珍宝蜂蜜厚多士,甜
堂焗牛油蒜蓉虾,鲜
酸菜鱼,酸
鲜桔水果茶,甜
金不换鸡,咸
鸡蛋里挑石头,咸
菠萝炒饭,甜
老法糖醋排骨,甜
菠萝油条虾,甜
牡蛎炒饭,鲜
韩式滑蛋肥牛,鲜
椒盐花菜,咸
鱼香茄子,咸
焦糖烤布蕾奶茶,甜
广式叉烧肉,咸
面包,甜
滑蛋肥牛,鲜
水煮鱼,辣
烤鱼,鲜
上汤皇帝菜,鲜
蒜娃娃菜,咸
白灼西生菜,咸
温州炸响铃,咸
天地海味滑豆腐,咸
红豆双皮奶,甜
排骨烧芋艿,甜
菠萝包,甜
干锅茶树菇,咸
江南口水鸡,咸
麻婆豆腐,咸
石锅海味滑豆腐,咸
自酱黄瓜,咸
蒸娃娃菜,咸
白云凤爪,咸
玉米菌菇汤,鲜
goteago牧砺炒饭,鲜
红烩牛腩煲,鲜
么么哒芝士炒饭,咸
蒜蓉西兰花,咸
秒手椒麻鱼,辣
玉米菌蔬汤,鲜
芒果西米露,甜
金枪鱼蔬菜沙拉,鲜
拌面,咸
猪手,咸
台湾三杯鸡,咸
铁板牛柳,咸
澳洲仔排,咸
温州炒粉干,咸
肉碎干迫茶树菇,咸
沸腾水煮鱼,辣
蜂蜜厚多士,甜
秘制鸭下巴,咸
现烤菠萝包,甜
瓦罐三杯鸡,咸
红豆冰山,甜
顶级咖喱虾,鲜
腊味煲仔饭,咸
黑椒牛柳,咸
泰国榴莲酥,甜
花生冰沙,甜
煲仔饭,咸
酥皮菠萝包,甜
极品拌菜,咸
冷饮,甜
冰淇淋,甜
小资美容蹄,咸
大芭菲,甜
咖喱海鲜焗饭,鲜
干炒牛河,咸
毛血旺,辣
小资虾饺皇,鲜
罐味大头菜,咸
火爆大头菜,咸
重庆毛血旺,辣
蒜香鸡翅,咸
锡纸鸡翅,咸
酸梅汤,酸
满园春色,甜
热港式奶茶,甜
浓汤大骨,鲜
水果茶,甜
台湾卤肉,咸
锅包虾,鲜
白灼西生菜,咸
菠萝海鲜烧饭,鲜
蜜汁烧排骨,甜
金枪鱼有机蔬菜沙拉,鲜
烧汁杏鲍菇,鲜
生嗜排骨,咸
榄菜肉松炒四季豆,咸
招牌煲仔饭,咸
小资馋嘴蛙,辣
西湖牛肉羹,鲜
特色纸包翅,咸
茄子鱼腩煲,鲜
冰火菠萝油,甜
香酥荔浦芋芯,甜
老火例汤,鲜
烧味拼盘,咸
非常排骨,咸
水煮鱼,辣
港式烧鸭,咸
台湾茄子煲,咸
腊味煲仔饭,咸
花生冰沙,甜
干炒牛河,咸
秘制鸭下巴,咸
蟹黄豆花,鲜
台湾烧茄子,咸
青椒巴沙鱼,鲜
蜂蜜厚多士,甜
咖喱虾,鲜
葡式蛋挞,咸
红豆沙,甜
三杯鸡,咸
孜然牛肉筋,咸
虾饺皇,鲜
黑椒牛柳,咸
芝士焗玉米,甜
酱牛肉,咸
花生猪手煲,咸
飘香馋嘴蛙,辣
榴莲酥,甜
奶香玉米酥,甜
黑椒牛仔骨,鲜
火腩凤爪煲,鲜
虾汤捞饭,鲜
芝士焗大虾,鲜
缤纷水果厚多士,甜
冰淇淋,甜
土豆炖牛腩,鲜
虾汁蟹肉蒸蛋,鲜
黑椒鲈鱼,鲜
健康小炒,咸
经典毛血旺,辣
鱼香肉丝,咸
木桶炒饭,咸
青菜粥,咸
港式焗炉鱼,鲜
特色煎饺,咸
担担面,咸
果篮,甜
滋味香菇煲,鲜
广式炒饭,咸
有机菜花,咸
一根带鱼,鲜
避风塘九肚鱼,鲜
蜂蜜柚子茶,甜
皮蛋瘦肉粥,咸
金奖鹅肉黑叉烧饭,咸
卤味拼盘,咸
龙骨养生汤,鲜
?白斩鸡烤鸭饭?,咸
麻香甘蓝菜,咸
鹅肉拼鸭腿饭,咸
脆皮烤鸭饭,咸
潮汕小菜,咸
白斩鸡,咸
可乐,甜
炝土豆丝,咸
大头菜,鲜
鸭脖,咸
辣椒,辣
卤味花生拼豆腐,咸
白灼娃娃菜,咸
卤汁西生菜,咸
猪猪包,咸
?狮头鹅黑叉烧拼?,咸
全家福,咸
卤香鹅脖,咸
卤味鹅翅,咸
美年达,甜
香葱,鲜
椰汁,甜
菠萝汁,甜
圆葱,鲜
茼蒿,鲜
鸭翅,咸
鸡爪,咸
鸡脖,咸
鸡头,咸
西红柿,酸
脉动,甜
甜不辣,咸
牛肉丸,鲜
草莓汁,甜
麻椒,辣
卤花生,咸
鹅掌,咸
农夫果园,甜
农夫山泉,鲜
鱼排,鲜
龙虾丸,鲜
柠檬汁,甜
冬瓜,鲜
鸡翅,咸
鸡排,咸
龙虾排,鲜
鱼肉丸,鲜
骨头煲,鲜
黑松露松茸煲仔饭,咸
避风塘桥底牛蛙,咸
金沙罗氏虾,鲜
啫啫排骨,咸
古法烧肉,咸
啫啫菜心,咸
椒盐皮皮虾,鲜
鲍鱼山药,鲜
椒盐玉米,咸
虾酱啫罗马生菜,咸
柠檬茶,甜
椒盐九肚鱼,鲜
麻辣大波龙,鲜
肉饼蒸蟹,鲜
氹仔牛腩萝卜,鲜
猪油渣广东菜心,咸
氹仔干炒牛河,咸
羊肚耳,鲜
牛腩煲,鲜
东星斑过桥,鲜
凼仔肥牛,鲜
椒盐蛋黄焗罗氏虾,鲜
生啫海螺片,鲜
花胶酿虾球,鲜
柠檬泡椒鸡爪,咸
腊味煲仔饭,咸
葱油淋鸡,咸
澳门猪骨煲,咸
牛肉粒,咸
餐前小食,咸
虾酱空心菜,咸
潮汕牛肉丸,咸
啫啫黄鳝煲,鲜
秃黄油烩花胶虾球,鲜
黑松露鲍鱼煲,鲜
黑椒帝王蟹,鲜
豉油皇鹅肠,鲜
野生竹笙,咸
冻柠茶,甜
黑松露瑶柱煲仔饭,甜
港式奶茶,甜
普宁豆酱焗大黄鱼,鲜
安格斯牛眼肉,甜
排骨冬瓜瑶柱煲,咸
上汤鸡毛菜,咸
避风塘虾蛄,鲜
压桌小菜,咸
奶茶,甜
招牌脆皮烧鸭,咸
蜜汁叉烧,甜
干炒牛河,咸
牛肉窝蛋煲仔饭,鲜
澳门烧肉双拼,咸
化皮澳门烧肉,咸
白切清远鸡,咸
老火例汤,鲜
深井烧鹅皇,咸
四喜拼盘,咸
皇上皇腊味,咸
皇上皇腊味煲仔饭,咸
腊味三拼,咸
生菜,鲜
烧腊双拼饭,咸
蒜蓉地瓜叶,咸
白灼菜心,咸
烧腊三宝饭,咸
叉烧炒滑蛋,咸
烤鸭,咸
星州炒米粉,咸
港式炒公仔面,咸
红烧茄子煲,咸
炒油麦菜,咸
脆皮烧乳鸽,咸
客家酿豆腐,咸
虾仁炒滑蛋,鲜
三丝炒米粉,咸
叉烧煲仔饭,咸
蒜蓉油麦菜,咸
烧腊四拼,咸
排骨腊味煲,咸
芥蓝苗,咸
腊味三拼饭,咸
卤水拼盘,咸
玉米排骨鸡脚汤,咸
烧腊三宝,咸
牛肉炒滑蛋,咸
西蓝花,咸
招牌烧鸭腿饭,咸
卤汁肘子,咸
酸梅酱,酸
脆皮烧鹅皇,咸
蒜蓉菜心,咸
腊肉炒饭,咸
地瓜苗,咸
蜜汁叉烧饭,甜
脆皮烧鸭饭,咸
牛肉炒饭,咸
?白斩鸡烤鸭饭?,咸
卤味拼盘,咸
龙骨养生汤,咸
潮汕小菜,咸
麻香甘蓝菜,咸
米饭,鲜
金奖鹅肉黑叉烧,咸
狮头鹅黑叉烧拼,咸
卤香鸡腿饭,咸
黯然销魂黑叉烧饭,咸
黑椒鸭饭,咸
鹅肉拼鸭腿饭,咸
卤味鹅珍,咸
金奖狮头鹅饭,咸
至尊狮头鹅全拼,咸
麻辣瓜条,辣
卤味鹅头,咸
卤汁蔬菜公仔面,咸
白灼娃娃菜,咸
卤味肘花,咸
金钱肚拼肥肠饭,咸
炝土豆丝,咸
绿茶,甜
卤味肥肠,咸
蔬菜沙拉,甜
白斩鸡饭,咸
风味酸豆角,酸
卤蛋豆腐花生米,咸
卤味鹅脖,咸
红茶,甜
员工卤蛋豆腐饭,咸
邻居价腐竹豆腐饭,咸
卤味五拼,咸
特色五拼,咸
五香酥鱼饭,咸
特价牛肉丸子,咸
卤味三宝饭,咸
卤味金钱肚,咸
卤味娃娃菜,咸
卤汁干豆腐,咸
邻居特价潮汕牛肉丸子,咸
南瓜小米粥,甜
特价猪排饭,咸
豆腐丸子汤,咸
卤味腐竹饭,咸
隆江猪脚,咸
流沙包,甜
黑椒香鸭,咸
黑椒香鸭头,咸
员工潮汕饭,咸
生椰拿铁,甜
干炒牛河,咸
蘑菇包,咸
冰火菠萝油包,甜
企鹅包,甜
椒盐跳跳骨,咸
果蔬熊仔包,甜
健康玉米包,甜
玉米热狗包,甜
芙蓉包,甜
花生酥油细点,甜
抹茶酥油细点,甜
黄金椰香玉米烙,甜
咖喱虾,辣
旺隆清爽小炒,咸
咖喱时蔬,辣
可爱熊猫包,甜
广味腊肠炒饭,咸
旺隆黑醋酥带鱼,酸
杨枝甘露包,甜
莲蓉包,甜
牛腩汤河粉,咸
广东腊味炒秋葵,咸
广东菜心炒腊肠,咸
豉香鸡爪,咸
避风塘龙利鱼,鲜
酱香牛腩煲,鲜
豉油焗鸭头,咸
清远白切鸡,咸
生滚鱼片粥,鲜
白灼广东菜心,咸
咸鱼茄子煲,咸
橄榄菜四季豆,咸
豉油蒸排骨,咸
招牌蒜香排骨,咸
奶黄猪仔包,甜
鲜虾云吞面,鲜
香甜南瓜粥,甜
旺隆蒸烧卖,咸
健脑核桃包,甜
蜜汁叉烧包,甜
香滑海鲜粥,鲜
颗颗饱满云吞,咸
招牌生滚牛肉粥,鲜
白切鸡腊味拼盘饭,咸
叉烧肠粉,咸
腊肠排骨饭,咸
金枕榴莲酥,咸
百香果翡翠茶,甜
生炒有利菜花,咸
广式虾饺皇,鲜
凤爪排骨蒸饭,咸
干炒牛河粉,咸
皮蛋瘦肉粥,咸
香滑海鲜粥,鲜
榴莲酥,鲜
豉汁蒸凤爪,咸
香滑红豆沙,甜
玉米鲜肉肠粉,咸
干炒牛河,咸
蜂蜜厚多士,甜
白灼西生菜,咸
叉烧包,咸
金牌蒜香骨,咸
牛肉蒸肠粉,咸
蒜香蒸排骨,咸
鲜滑海鲜粥,鲜
云吞面,咸
蛋挞,甜
红豆双皮奶,甜
鲍丝海皇饺,鲜
冰火菠萝油,甜
鲜虾蒸烧麦,鲜
生滚牛肉粥,鲜
鸡蛋炒粉,咸
豉汁蒸毛肚,鲜
香酥排骨,咸
白灼油麦菜,咸
金jin牌猪颈肉,咸
金牌大粥,甜
黄金糕,甜
海皇豆腐煲,鲜
鲜虾肉云吞,甜
冰火菠萝包,甜
白灼菜心,咸
叉烧蒸肠粉,咸
黑胡椒新西兰牛仔骨,咸
茶树菇炒牛肉,咸
蟹籽烧卖,鲜
咸鱼茄子煲,咸
海鲜炒饭,鲜
茶树菇牛柳,咸
香菇肉煎饼,咸
韭黄鲜虾肠粉,鲜
排骨汤河粉,咸
腊味炒饭,咸
三杯鸡,咸
营养核桃包,甜
鸡爪子,咸
咸鸡粥,咸
招牌砂锅神仙鸡,咸
?咖喱大花虾?,鲜
油条,咸
芋儿牛肉,甜
家烧东海三鲜,鲜
八珍豆腐煲,咸
招牌杏仁板栗南瓜,甜
招牌湖南味的擂辣椒烧海参,辣
杨枝甘露,甜
鱼籽酱拌茭白,咸
重庆美蛙仔,辣
石锅八宝豆腐,咸
布丁,甜
猪蹄煲,咸
玫瑰五谷包,甜
?避风塘螃蟹?,鲜
角瓜肉包子,咸
黄金葱烧猪手,咸
拾味拌菜,咸
紫薯流沙包,甜
栗子鹅肝,咸
烧焦芝士蛋糕,甜
炸烹大花虾,鲜
鱼子酱小葱豆腐包,甜
葱烧深海碟鱼头,鲜
锅包肉,咸
牛肉粒,咸
意大利黑醋小猪肉,酸
招牌豆腐,咸
潮州生卤小赤贝,鲜
山楂酥皮叉烧包,酸
避风塘炒蟹,鲜
黑松露鲍鱼焖饭,鲜
c潮州炸稞肉,咸
招牌冰城头条配卡露伽鱼籽,甜
三门膏蟹炒年糕,鲜
财记一品煲,鲜
口水鸡,咸
枣泥定糕,甜
手工自制酸奶,酸
?招牌深海碟鱼头?,鲜
汁水牛腩,咸
樱桃鹅肝,甜
酸萝卜炒牛肉,酸
天鹅酥,甜
吐司面包炸鲜奶,甜
小炒口味肥肠,咸
凉拌干丝,咸
水煮牛肉,咸
拾味六味煎饼,咸
咖喱鱼蛋,鲜
滑蛋虾仁饭,鲜
茶档丝袜奶茶,甜
招牌菠萝包,甜
冻柠茶,甜
经典餐蛋公仔面,咸
原味双皮奶,甜
十三三宝饭,咸
郊外油菜,咸
冰火菠萝油,甜
脆皮烧鸭饭,咸
手打牛筋丸,咸
金汤花椒鸡捞饭,咸
漏奶华,甜
蜜汁叉烧,甜
XO酱味捞丁面,咸
白灼西生菜,咸
芋泥西多士,甜
柠檬红茶,甜
熊样柠茶,甜
招牌辣鱼蛋,辣
虾皇饺,鲜
红豆双皮奶,甜
平民鱼翅捞饭,鲜
豉椒凤爪,咸
鸳鸯奶茶,甜
古法猪颈肉烦,咸
惊喜鲍汁鱼饭,鲜
熊样奶茶,甜
招牌双拼饭,咸
牛杂,咸
深海墨鱼丸,鲜
双拼烧腊,咸
豉油鸡饭,咸
嗱喳咖喱汤,辣
豉汁凤爪排骨蒸饭,咸
乌金流沙包,甜
澳门鸡排包,咸
虾饺拼盘,鲜
脆皮烧鸭,咸
港式鸳鸯,咸
街头碗仔翅,咸
花胶鸡汤,咸
澳门猪扒包,咸
鸡蛋仔原味,咸
玫瑰汁豉油鸡,咸
原味蛋挞,甜
蜜汁叉烧饭,甜
番茄肉酱饭,酸
杨枝甘露,甜
冰草,甜
牛排锅,鲜
丸子拼,咸
米粉,咸
菌拼,鲜
猪肚鸡锅,咸
竹笋,鲜
萝卜,鲜
黄金蛋饺,咸
黄金鱼丸,鲜
生肠,鲜
牛肉丸,咸
油麦菜,鲜
香辣全腰,辣
例汤,咸
白灼菜心,咸
麻辣面,辣
白切鸡,咸
蘸料,咸
黄喉,鲜
黑鱼片,鲜
花胶鸡煲,咸
虾滑,鲜
特色鱼腐,咸
佛跳墙煲,咸
招牌黄金泡饭,咸
鲜虾蟹子云吞,鲜
藜麦蔬菜沙拉,甜
手打牛肉丸,咸
杂菜拼盘,鲜
冻柠乐,甜
芝士丸,甜
招牌双骨煲,鲜
冻奶茶,甜
鷄毛菜,鲜
特色鸡脚脆骨煲,咸
手打虾丸,鲜
牛鞭甲鱼甲鱼煲,鲜
澳门海鲜煲,鲜
雪龙牛上脑,鲜
醉蟹钳,鲜
财源广进,咸
招牌鸽吞翅,咸
捞汁蜇头,鲜
冻柠茶,甜
双皮奶,甜
芝士虾丸子,鲜
到店自取汤佛跳墙煲,咸
金菇菜,鲜
雪花牛板腱,鲜
澳洲肥牛,鲜
餐前果盘,甜
树记响铃卷,甜
澳洲牛上脑,鲜
镇三宝,咸
墨鱼肠,鲜
果蔬黎麦沙拉,甜
凉拌花蚬,鲜
餐后甜品,甜
霜降牛肉,鲜
鲍鱼金镶银炒饭,鲜
特级肩胛排骨,咸
咸柠七,甜
娃娃菜,鲜
芝士脆皮肠,咸
蜂巢冻豆腐,甜
安格斯三角肥牛,鲜
果蔬梨麦沙拉,甜
有机菜花拌贝肉,鲜
冻鸳鸯,甜
干豆腐,鲜
椰果,甜
优格爆爆珠,甜
生椰拿铁,甜
招牌芒果味水果捞,甜
珍珠奶茶,甜
葡萄干,甜
白桃乌龙,甜
三果鲜切,甜
原味酸奶水果捞,甜
炭烧酸奶水果捞,甜
拿铁咖啡,甜
原味香蕉捞,甜
招牌草莓味水果捞,甜
布丁奶茶,甜
蓝莓爆爆珠,甜
蓝山咖啡,甜
奥利奥碎,甜
芒果爆爆珠,甜
赫拉口味手工酸奶,酸
原味手工酸奶,酸
巴旦木,甜
蜜红豆,甜
草莓爆爆珠,甜
手打柠檬智,甜
美极腊味煲仔饭,鲜
啫啫大肠,鲜
古法啫鲍鱼,鲜
清远鸡,咸
啫胜椒麻鸡,辣
啫啫茄子煲,咸
丝袜奶茶,甜
柠檬茶,甜
啫啫黄鳝,鲜
啫啫生肠,鲜
啫啫牛蛙,鲜
啫啫黄喉,鲜
啫啫鲨鱼肚,鲜
芝士啫木瓜,甜
啫牛河,鲜
葱油芦竹笋,咸
虾酱空心菜,甜
紫苏啫西冷牛肉,咸
基围虾,鲜
扬枝甘露,甜
香葱瑶柱煲仔饭,咸
美极啫鸭舌,咸
啫虾酱焗罗马生菜,咸
干炒牛河,咸
阳姜豆豉啫排骨,咸
特色油爆虾,鲜
啫胜干锅鱼头,鲜
芸豆猪手汤,咸
嗜嗜猪肝,咸
拌藕片,咸
黑松露牛甘菌煲仔饭,咸
黑椒汁啫蘑菇,咸
总厨沙拉,甜
白灼菜心,咸
菠萝咕老肉,甜
啫胜酱鸭,咸
蒜烧碟鱼头,鲜
浓汤瑶柱煮丝瓜,咸
香菇滑鸡煲仔饭,鲜
港式青柠茶,甜
蔬菜沙拉,甜
凉拌凤爪,咸
啫啫黑椒牛仔骨,咸
春桃沙拉,甜
啫啫合味竹笋,咸
首创古法啫鲍鱼煲,鲜
砂锅浓汤鸡煲翅,咸
黑松露牛肝菌煲仔饭,咸
嘟嘟鳝鱼,鲜
嘟虾酱焗罗马菜,咸
水晶虾饺皇,鲜
皮蛋瘦肉粥,咸
豉汁蒸凤爪,咸
干炒牛河,咸
番茄牛肉粥,酸
菠萝头奶黄包,甜
招牌海鲜粥,鲜
密制叉烧包,咸
牛肉肠粉,咸
山药百合莲子粥,甜
烧味双拼饭,咸
南瓜蛋黄粥,甜
港式鲜虾云吞面,咸
黑金流沙包,甜
奶黄包,甜
鸡丝粥,咸
山药烧香菇,咸
叉烧肠粉,咸
蜂蜜厚多士,甜
百合山药枸杞砂锅粥,甜
蒜蓉豉油蒸排骨,咸
广式叉烧饭,咸
老上海葱油面,咸
珍粥道煎饺,咸
南瓜燕麦粥,甜
滋补小米砂锅粥,甜
时蔬鸡蛋肠粉,咸
罗汉斋肠粉,咸
澳门烧肉饭,咸
珍粥道秘制小排,咸
豆豉蒸凤爪,咸
果仁菠菜,咸
港式榴莲酥,甜
海鲜宝宝粥,鲜
红豆百合莲藕粥,甜
鸡爪子,咸
橄榄肉末四季豆,咸
砂锅铁棍山药,咸
卤味拼盘,咸
糊塌子,咸
车田豆腐,咸
老坛冬菜春笋,咸
竹笋干焖红烧肉,咸
广东烧腊三拼,咸
深井烧鹅皇,咸
民国美玲粥,甜
白灼菜心,咸
广式烧鸭饭,咸
牛肉圆葱锅贴,咸
薏米红豆冰粥,甜
避风塘虾饺皇,鲜
飘香榴莲酥,甜
干炒牛河,咸
蜜汁叉烧,甜
红豆沙,甜
椒盐鸭下巴,咸
肠粉,咸
广式深井烧鹅,咸
优质咖喱虾,鲜
豉汁蒸凤爪,咸
琵琶鸭,咸
虾饺皇,鲜
云吞汤面,咸
铁板锡纸鲈鱼,鲜
清远白切鸡（广东清远鲜鸡）,咸
沸腾水煮鱼,辣
豉汁蒸排骨,咸
排骨煲仔饭,咸
重庆酸菜鱼,酸
葡国咖喱鸡,咸
肉碎四角豆,咸
皮蛋瘦肉粥,咸
港式奶茶,甜
金牌蒜香骨,咸
花生冰沙,甜
白灼西生菜,咸
卤水拼盘,咸
腊味煲仔饭,咸
葡国咖喱焗时蔬,辣
白灼广东菜心,咸
生滚蟹粥,鲜
葡国咖喱海鲜焗饭,辣
豉油皇银芽炒面,咸
水煮肉片,辣
三杯鸡,咸
椒盐九肚鱼,鲜
烧鸭叉烧饭,咸
石锅蟹粉豆腐,鲜
桂花糖藕,甜
红豆汤圆,甜
红豆沙 热,甜
韭王鲜虾肠,鲜
招牌牛腩炒饭,咸
蔬菜粥,咸
净云吞,咸
蟹子烧卖,鲜
港式烧味拼盘,咸
冰镇芥兰,咸
白灼芥蓝,咸
自制酸梅汁,酸
鹅肉叉烧饭套餐,咸
卤味三拼,咸
鹅肉拼鸭腿饭,咸
白斩鸡套餐,咸
潮汕小菜,咸
金奖三宝饭,咸
卤味花生拼豆腐,咸
菜花,咸
白萝卜,鲜
可乐,甜
海苔,鲜
巨形狮头鹅翅,咸
招牌黑叉烧,咸
鹅肉烧鸭,咸
麻香甘蓝菜,咸
卤香鸡腿饭,咸
卤香鹅脖,咸
西瓜汁,甜
花椒,辣
养生茶,甜
麻椒,辣
腊肉,咸
香菇,鲜
鱼肉丸,咸
辣白菜,辣
美年达,甜
鹅掌,咸
南瓜,鲜
排骨,咸
卤鸡蛋,咸
格瓦斯,辣
椰汁,甜
鸡脖,咸
西红柿,酸
菠菜,鲜
葡萄汁,甜
冬瓜,鲜
芝麻,咸
龙虾丸,鲜
牛肉丸,咸
脉动,甜
辣椒,辣
芹菜,鲜
胡萝卜,鲜
茼蒿,鲜
腊肠,咸
红牛,甜
橙汁,甜
雪碧,甜
鸭肠,鲜
水晶鲜虾饺,鲜
干炒牛河,咸
鸡蛋肠粉,咸
红豆沙,甜
蜜汁叉烧肠粉,甜
皮蛋瘦肉粥,咸
海鲜粥,鲜
紫金蒸凤爪,咸
菠萝包,甜
蛋挞,甜
西米露,甜
榴莲酥,甜
蒜香蒸排骨,咸
蚝油叉烧包,咸
白灼菜心,咸
生菜猪肝粥,咸
香菇肉片肠粉,咸
白灼西生菜,咸
蜂蜜柚子茶,甜
芜茜牛肉粥,咸
叉烧排骨,咸
韭皇鲜虾肠,鲜
豉汁凤爪,咸
香酥菠萝包,甜
牛肉炒米粉,咸
奶黄包,甜
姜汁撞奶,甜
红豆双皮奶,甜
黄金糕,甜
百香果蜜茶,甜
发财鱼片粥,鲜
红豆布丁奶茶,甜
蔬菜粥,咸
暖身养生粥,咸
芜茜牛肉肠粉,咸
口水鸡,咸
百合南瓜粥,甜
港式鲜虾炒饭,鲜
葡式蛋挞,甜
自制酸梅汁,酸
木瓜椰子西米露,甜
矿泉水,鲜
娃娃菜,鲜
肉馅小笼包,咸
香菇菜心粥,咸
腊味荷兰豆,咸
小煎饺,咸
灌汤小笼包,咸
鲜虾肠粉,鲜
酸菜馅水饺,酸
?黑椒鸭饭?,咸
龙骨养生汤,咸
潮汕小菜,咸
鹅肉拼鸭饭,咸
?狮头鹅黑叉烧拼?,咸
招牌黑叉烧,咸
白萝卜,鲜 
冰杨梅,甜
青岛纯生,辣
胡萝卜,咸
潮汕牛肉丸,咸
椰树椰汁,甜
白斩鸡,咸
粥,鲜
香瓜,甜
鸡丸,咸
圣女果,酸
南瓜,甜
笨鸡蛋,鲜
鹅骨架,咸
茼蒿,鲜
奶茶,甜
格瓦斯,辣
百事可乐,甜
素菜黄瓜,鲜
千岛酱料,咸
番茄沙司,酸
芹菜,鲜
苦花生,咸
溏心蛋,咸
腊八蒜,咸
菠菜,鲜
青梅,甜
冰红茶,甜
芝士,甜
番茄,酸
桔子汁,甜
秘制黑鸭,咸
芥末,辣
冰糖雪梨,甜
招牌卤鸡,咸
原汁麦,鲜
蔬菜沙拉,甜
秘制卤鹅,咸
油菜,鲜
?金奖狮头鹅饭?,咸
?白斩鸡烤鸭饭?,咸
?黯然销魂黑叉烧饭?,咸
特色手撕鸡饭,咸
猪脚饭,咸
虾籽鲜虾云吞面,鲜
龍记烧味拼盘,咸
美极干炒牛河粉,咸
杨枝甘露,甜
豉汁蒸凤爪,咸
金牌奶茶,甜
柠檬茶,甜
咖喱鱼蛋,辣
草莓果酱西多士,甜
深井烧鹅,咸
榴莲酥,甜
法式西多士,甜
虾饺皇,鲜
蜜汁叉烧,甜
流沙包,甜
烧鸭饭,咸
核桃包,甜
卤味拼盘,咸
龙记四宝饭,咸
黯然销魂饭,咸
红豆沙,甜
富贵黄金虾,鲜
鲍鱼鸡煲,鲜
白切鸡,咸
菠萝焗饭,甜
皮蛋瘦肉粥,咸
港式鱼香茄子煲,鲜
滑蛋虾仁,鲜
每日例汤,咸
菠萝咕咾肉,甜
咖喱牛腩饭,辣
港式鸳鸯,甜
椒盐无骨鱼,咸
虾酱啫啫通菜,咸
黑椒牛柳,咸
鲜什果凉粉,甜
白灼芥蓝,咸
西芹腰果炒百合,咸
白灼菜心,咸
漏奶画,甜
冰糖椰汁桃胶,甜
叉烧饭,咸
烤鸭,咸
香妃切鸡,咸
鸡蛋肉松烩时蔬,咸
扬州炒饭,咸
椒盐红鱿,鲜
吉列猪扒拼薯条,咸
檀岛咖啡,甜
虾粥,鲜
吉祥卤三宝,咸
烤鸭饭,咸
卤味鸡腿饭,咸
潮汕小菜,咸
金奖鹅肉黑叉烧饭,咸
龙骨养生汤,咸
炝土豆丝,咸
鹅肉拼烤鸭饭,咸
潮汕鹅肝肠,咸
黑椒烧鸭,咸
辣酱,辣
狮头鹅拼肘花,咸
招牌酱香鸭饭,咸
麻辣瓜条,辣
酸辣海带根,辣
巨形狮头鹅翅,咸
可乐,甜
卤汁娃娃菜,咸
尊享丝袜手工奶茶,甜
狮头鹅肉拼肘花饭,咸
珍珍荔枝,甜
卤味鸭红,咸
卤鹅拼盘宝,咸
金钱肚拼肥肠饭,咸
卤味鹅头,咸
卤狮头鹅肉,咸
卤鹅胗,咸
卤味猪手,咸
裙带菜,咸
至尊拼盘,咸
卤干豆腐丝,咸
卤味金钱肚拼肥肠,咸
潮汕卤肉饭,咸
金奖狮头鹅肉饭,咸
卤味香鹅脖,咸
金奖鹅肉拼肥肠饭,咸
招牌黑叉烧,咸
卤味肘花,咸
白切鸡,咸
烤鸭拼蜜汁鸭,甜
卤味鹅肉拼鹅胗饭,咸
潮汕香烤鸭,咸
潮汕拌饭酱,咸
卤味花生拼豆腐,咸
隆江猪脚饭,咸
凑单牛肉丸,咸
招牌蜜汁鸭,甜
龙骨汤,鲜
黯然销魂黑叉烧饭,咸
卤香鸡腿,咸
菠萝包,甜
蜂蜜厚多士,甜
水煮草鱼,鲜
腊味煲仔饭,咸
顶级咖喱虾,辣
瓦罐三杯鸡,咸
秘制鸭下巴,咸
毛血旺,辣
蜜汁排骨,甜
小资虾饺皇,鲜
泰国榴莲酥,甜
松子鲈鱼,鲜
小资美容蹄,咸
干炒牛河,咸
花生冰沙,甜
四季豆,咸
锅包虾,鲜
咖喱海鲜焗饭,鲜
黑椒牛柳,咸
冰火菠萝油,甜
豆腐,鲜
太太玻璃烧鸭,咸
烧味拼盘,咸
米饭,鲜
新鲜水果茶,甜
特色纸包翅,咸
生嗜系列,鲜
重庆毛血旺,辣
台湾卤肉,咸
菠萝海鲜焗饭,甜
金枪鱼沙拉,甜
热港式奶茶,甜
满园春色,甜
生煎多宝鱼,鲜
萝卜牛腩煲,鲜
小资拌菜,咸
榴莲芒果披萨,甜
啫啫鲜排骨,鲜
香酥荔浦芋芯,甜
小资馋嘴蛙,辣
小资巧克力巴菲,甜
招牌煲仔饭,咸
红豆沙,甜
烧汁杏鲍菇,咸
鸭头,咸
火爆大头菜,咸
菠萝海鲜炒饭,甜
咸鱼茄子煲,咸
烧腊拼盘,咸
浓汤大骨,咸
招牌牛肉饭,咸
芝士竹仑小火锅,咸
关东煮,咸
照烧鸡排饭,咸
辣白菜猪肉饭,辣
鸡蛋羹,咸
吉味双拼饭小菜套餐,咸
芝士竹轮锅,咸
咖喱什锦火锅,辣
金枪鱼土豆泥,鲜
魔芋结,鲜
合茶碗蒸,咸
香菇猪肉丸,咸
可乐,甜
鱼香肉丝饭,咸
炙烤牛肉饭,咸
辣白菜猪扒饭,辣
红烧小丸子饭,咸
鸡蛋糕,甜
肥牛片,鲜
照烧鸡肉饭,咸
板烧猪肉饭,咸
柠檬茶,甜
串点,咸
辣白菜双拼饭,辣
摇滚沙拉,甜
魔芋丝,鲜
酸菜猪肉饭,酸
竹轮火锅,咸
墨玉拉面,咸
孜然烧肉饭,咸
特切牛肉,咸
蔬菜牛肉饭,咸
土豆片,鲜
汤泡饭,咸
水果玉米,甜
鸡排猪肉双拼,咸
宫保鸡丁饭,咸
紫菜汤,咸
卤肉饭,咸
酸汤肥牛火锅,酸
咖喱牛肉饭小菜套餐,辣
酸汤肥牛饭,酸
海带结,鲜
脆骨肉丸,咸
千叶豆腐,咸
蟹子丸,鲜
寿喜烧,咸
抹茶红豆大福,甜
炙火牛鸡双享饭,咸
烤乳鸽,咸
脆米石锅海鲜羹,鲜
天鹅酥,甜
烤乳猪,咸
金丝虾球,鲜
中山妙玲乳鸽,咸
佛跳墙,咸
酸汤鱼,酸
古井烧鹅,咸
虾酱焗罗马生菜,咸
海鲜豆腐煲,鲜
煲仔饭,咸
田园风光,咸
粤厨海皇汤,咸
中山妙龄乳鸽,咸
杨枝甘露,甜
清炒广东菜心,咸
餐后水果,甜
石斑鱼,鲜
荷叶翅,咸
龙虾球,鲜
蛋挞,甜
潮汕狮头鹅,咸
餐前小菜,咸
海胆水饺,鲜
地瓜卷,甜
松鼠桂鱼,酸
聚宝盆,咸
脆米石锅海鲜梗,鲜
红焖甲鱼,咸
头抽炒牛河,咸
糯米鸡,咸
广式鲜虾潮汕砂锅粥,鲜
豉油蒸排骨,咸
干炒牛河,咸
简思源矿泉水,鲜
咖喱海鲜汇,鲜
石锅新西兰黑椒牛仔骨,咸
金蒜蒸秋葵,咸
叉烧滑蛋,咸
咖喱牛腩,辣
鲍鱼汁捞饭,鲜
清蒸东星斑,鲜
咕咾肉,咸
卤味拼盘,咸
天鹅榴莲酥,咸
象拔蚌刺身,鲜
果盘,甜
猪颈肉,咸
卤水拼盘,咸
三鲜水饺,鲜
麻酱拉皮,咸
黄瓜鲜虾水饺,鲜
炝土豆丝,咸
黄瓜鲜虾,鲜
酱骨架,咸
酸菜猪肉水饺,酸
松仁玉米水饺,甜
茴香猪肉水饺,咸
角瓜鸡蛋水饺,咸
锅包牛肉,鲜
酥鲫鱼,鲜
西芹猪肉饺子,咸
夫妻肺片,辣
鲅鱼水饺,鲜
烤鱼,鲜
拌干豆腐丝,咸
浇汁千叶豆腐,咸
芹菜猪肉煎饺,咸
三鲜馅,鲜
木耳拌牛肉,咸
白菜猪肉,咸
炝花生米,咸
鸡汤干豆腐丝,咸
软炸虾仁,鲜
老味烧鸡,咸
手撕鸡,咸
五香牛腱,咸
芹菜猪肉馅饺子,咸
蜜汁叉烧,甜
葫芦瓜蛋饺,咸
韭菜鸡蛋水饺,咸
小炒笋衣,咸
松花鸡腿,咸
蓝莓山药,甜
格瓦斯,辣
葱油白菜,咸
白菜煎饺,咸
西芹煎饺,咸
蔬菜沙拉,甜
煎饺牛肉,咸
脆皮大肠,咸
水饺汤,咸
饺子王饺子,咸
肘子肉,咸
烤猪颈肉,咸
猪蹄,咸
拌海带丝,咸
芥末黄瓜肚丝,咸
哈啤特制超干,咸
经典腊味皇煲仔饭,鲜
牛柳卧蛋煲仔饭,咸
双拼肠咸蛋黄煲仔饭,咸
腊肠拼海鸭蛋黄煲仔饭,咸
红烧肉煲仔饭,咸
腊肠皇煲仔饭,咸
烧鸭煲仔饭,咸
手工秘制开胃酱,咸
紫菜蛋花汤,咸
烧腊三宝煲仔饭,咸
肥叉煲仔饭,咸
红苹果软饮,甜
特价广式烧鸭,咸
藤椒肥牛金菇煲仔饭,辣
白切鸡,咸
豉油鸡,咸
豉油鸡煲仔饭,咸
藤椒海带丝,辣
小煲原味双皮奶,甜
冰糖龟苓膏,甜
红豆双皮奶,甜
百威啤酒,辣
康师傅冰红茶,甜
康师傅绿茶,甜
荔枝珍珍饮料,甜
红苹果饮料,甜
菠菜蛋花汤,咸
番茄蛋花汤,酸
香芹蛋花汤,咸
玉米蛋花汤,咸
白灼菜心,咸
香薰豆腐皮,咸
田园蔬菜沙拉,甜
白灼娃娃菜,咸
妈拌腐竹,咸
白灼西生菜,咸
白灼西兰花,咸
口水瓜条,咸
花芥辣拌木耳,辣
老板秘制开胃酱（可加饭中！辣）,咸
素什锦煲仔饭,咸
辣鸭腿煲仔饭,咸
嗨辣鸡杂煲仔饭,辣
猪柳窝蛋煲仔饭,咸
黑椒猪柳煲仔饭,咸
开胃酱排骨煲仔饭,咸
奥尔良滑鸡煲仔饭,咸
咖喱鸡煲仔饭,辣
香菇滑鸡煲仔饭,咸
黑椒牛柳煲仔饭,咸
麻婆豆腐和牛波士顿,咸
极品佛跳墙,咸
卤澄海狮头老鹅头,咸
谷饲香茅牛排,咸
百合,甜
红烧乳鸽,咸
香辣雁腿,辣
咸扇骨浓汤山药棍煲,咸
潮汕卤味拼盘,咸
萝卜牛腩煲,咸
雷椒金蛋,咸
南国一品红烧肉,咸
叉烧包,咸
浓汤萝卜丝煮墨鱼丸煲,鲜
清炒西兰苔,咸
潮式烤咸虾,咸
一品煲,鲜
顶汤蟹肉黄焖翅,鲜
小炒黄牛肉,咸
白玉螺肉,鲜
发财肥肠辣子鸡,辣
XO酱爆银鳕鱼,鲜
白玉菇炒帝王蟹肉,鲜
金汤小米扣辽参,鲜
龙豆桃仁,甜
卤水拼盘,咸
鲍鱼炖土豆,鲜
砂锅荔浦芋头,甜
杨枝甘露,甜
酸辣醋椒猪手,辣
啫啫罗马生菜,鲜
渔人小炒,咸
野味焗鲜鲍,鲜
双葱雪花牛肉料,鲜
金汤小米扣海参,鲜
堂煎日本神户牛肉,鲜
波士顿龙虾,鲜
潮汕菜甫炒五花肉,咸
红烧大勾翅,咸
干煸四季豆煎法国鹅肝,咸
油醋汁爽拌香芹,酸
潮式生腌冬蟹,鲜
豆腐白菜汤,咸
小青柑汤,甜
小青柑,甜
擂椒金蛋,咸
响螺炖花胶汤,咸
潮汕炸粿肉,咸
精品黑胡椒炒膏蟹,鲜
咸香鸡,咸
双皮奶,甜
黑松露捞乌冬面,咸
招牌松茸响螺汤,鲜
一口和牛酥（三件）,甜
冰花木耳炖雪梨,甜
碧绿藤椒千金菜,辣
蛋黄焗虾仁,鲜
堂灼龙虾汤鲜鲍,鲜
沙姜捞拌云蹄,咸
芦笋炒鲜百合,咸
咕咾肉,咸
8甜头辽参,甜
花胶肚凤城手拆东海黄鱼羹,咸
凤城花胶手拆黄鱼羹,鲜
蜜汁黑豚肉叉烧,甜
龙江雪花和牛双重奏,鲜
海胆豆腐,鲜
招牌炒饭,咸
清蒸黄鱼,鲜
猪蹄冻,咸
佛跳墙,咸
黑松露山药捞秋田面,咸
举个栗子,甜
鱼籽酱贵妃冰鲍鱼,鲜
乳鸽,咸
爆炒豆苗,咸
沙姜煎焗清远鸡,咸
葱油海螺片,鲜
东星斑,鲜
片皮鸭,咸
江南酱香肴肉,咸
椿苗巧拌生桃仁,咸
传统扒羊肉,鲜
手撕拌菜,咸
干炸肉段,咸
熘羊肝,咸
海带丝,咸
锅包肉,咸
宫保鸡丁,咸
油炸花生米,咸
扒牛肉条,咸
炝土豆丝,咸
干炸鲜蘑,鲜
韭菜鸡蛋盖饭,咸
熘肚领,咸
芥末肚丝,辣
剁椒盖饭狮子头,辣
炝干豆腐丝,咸
小麦王啤酒,辣
老板榨菜,咸
麻辣羊杂锅,辣
康师傅水,鲜
康师傅红茶,甜
油焖尖椒,辣
木耳白菜,咸
一锅出香锅,咸
亲亲肠,咸
芹菜花生米,咸
腱子肉拍黄瓜,咸
康师傅绿茶,甜
香甜玉米粒,甜
豆芽炒粉,咸
羊肉麻辣香锅,辣
羊汤,鲜
辣炒板肠,辣
烧卖,咸
二米饭,鲜
香锅全家福,咸
老虎菜,辣
馅饼,咸
麻辣香锅,辣
蟹黄排,鲜
鸡肉香锅,咸
金针蘑,鲜
鱼丸,鲜
哈尔滨啤酒,辣
树椒土豆丝,辣
孜然羊肉,咸
酱炒鸡蛋,咸
酸菜水晶粉,酸
青虾,鲜
油麦菜,鲜
柠檬茶,甜
乐记港式奶茶,甜
招牌三宝饭,咸
卤水豆腐,咸
烧腊拼盘,咸
乐记澳门烧肉,咸
蛋黄流沙包,甜
卤水拼盘,咸
烧味双拼饭,咸
白切鸡,咸
乐记虾饺皇,鲜
脆皮烧鸭饭,咸
滑蛋叉烧饭,咸
叉烧排骨饭,咸
白灼西生菜,咸
烧鹅,咸
蜜汁叉烧饭,甜
豉油蒸鸡爪,咸
五花肉,咸
叉烧排骨,咸
蒸排骨,咸
脆皮烧鸭,咸
牛肉丸,咸
蜜汁叉烧,甜
烧肉烧鸭饭,咸
客家香鸡饭,咸
西兰花,咸
咸香鸡,咸
卤水鸭掌翅,咸
姜蓉酱,甜
奶黄流沙包,甜
核桃包,甜
米饭,鲜
萝卜,咸
白灼菜心,咸
乐记烧味三拼,咸
蜜汁烧排骨,甜
虎邦辣酱,辣
卤蛋,咸
酸梅酱,酸
脆皮烤鸭,咸
卤水素拼,咸
叉烧拼烧鸭饭,咸
土豆丝,咸
梅子酱,甜
白灼西生菜,咸
脆皮烤鸭饭,咸
白灼菜心,咸
烧味双拼例,咸
烧味三宝饭,咸
白切鸡饭,咸
叉烧拼切鸡饭,咸
杨枝甘露,甜
烧腊小四拼,咸
清远白切鸡,咸
蜜汁叉烧,甜
广式烧鸭汤粉面,咸
深井吊烧鹅,咸
烧味四喜拼盘,咸
香妃白切鸡,咸
广式烧鸭整,咸
珍珍荔枝汽水,甜
山楂果茶,甜
蜜汁叉烧饭,甜
烧鸭拼切鸡,咸
蜜汁叉烧汤粉面,甜
美味烧鸭饭,咸
蜜汁叉烧例,甜
卤蛋,咸
姜蓉,辣
深井烧鹅饭,咸
广式烧鸭,咸
香妃白切鸡整,咸
裙带菜,咸
五大连池矿泉水,鲜
小菜,咸
干炒牛河,咸
蜂蜜厚多士,甜
手工咖喱潮汕牛肉丸,咸
香茜牛肉肠粉,咸
排骨笼仔蒸饭,咸
蜜汁叉烧包,甜
港式菠萝包,甜
卤水素拼,咸
港式牛腩面,咸
港式鲜虾云吞面,鲜
脆皮炸奶,甜
虾饺皇皇,鲜
蒜蓉豉油蒸排骨,咸
天鹅榴莲酥,甜
广式烧鸭饭,咸
皮蛋瘦肉粥,咸
青团,甜
鲜味生肉包,鲜
小米粥,甜
猪头肉拍黄瓜,咸
猪头肉,咸
花园宝宝鸡蛋糕,甜
豉汁蒸凤爪,咸
墨鱼仔虾饺皇,鲜
糯米鸡,咸
鲜味生煎包,鲜
珍粥道煎饺,甜
茶餐厅菠萝包,甜
瑞士鸡中翅,咸
维C菠菜粥,咸
祛湿薏米红豆粥,甜
豉油皇捞竹升面,咸
藜麦香糯米干蒸麦,甜
雀巢焦糖布丁,甜
黄糖发糕,甜
小猪佩奇卡通包,甜
纯素皮蛋菠菜水晶饺,咸
黑椒蒸大肠,咸
藜麦海参干蒸麦,鲜
古法龟苓膏,甜
冰镇港式奶茶,甜
蛋白益智宝宝粥,甜
蟹籽韭菜鲜虾水晶包,鲜
菜心,鲜
原味双皮奶,甜
黑金流沙包,甜
菠萝头奶黄包,甜
XO酱炒猪肠粉,咸
红米鲜虾肠粉,鲜
南瓜燕麦粥,甜
咖喱鱼蛋,辣
柠茶,甜
餐蛋面,咸
茶档丝袜奶茶,甜
冰火菠萝油,甜
原味菠萝包,甜
招牌拼盘饭,咸
奶油脆包,甜
烧鸭拼猪颈肉,咸
原味双皮奶,甜
港式丝袜奶茶,甜
十三三宝饭,咸
郊外油菜,咸
鸳鸯奶茶,甜
鸡蛋仔原味,咸
芋泥西多士,甜
滑蛋虾仁饭,鲜
花胶鸡捞饭,咸
招牌辣鱼蛋,辣
蜜汁叉烧,甜
白灼西生菜,咸
XO酱味捞丁面,咸
蛋公仔面,咸
香煎黄金糕,咸
蜜汁叉烧饭,甜
豉油鸡,咸
深海墨鱼丸,鲜
米饭,鲜
鲍汁捞饭,鲜
豉油鸡饭,咸
虾皇饺,鲜
冻柠乐,甜
白切鸡饭,咸
澳门猪扒包,咸
古法猪颈肉,咸
脆皮烧鸭,咸
豉椒凤爪,辣
熊样奶茶,甜
红豆双皮奶,甜
咸柠七,甜
白玉奶茶冻,甜
虾仁滑蛋盖饭,鲜
脆皮烧鸭饭,咸
白灼菜心,咸
番茄肉酱饭,酸
街头碗仔翅,咸
椒盐栗米,咸
黑胡椒鸡扒饭,咸
原味蛋挞,咸
厚切鸡排饭,咸
珍珠奶茶,甜
蓝柑莫西多,甜
奥利奥脏脏茶,甜
红烧鸡块饭,咸
布丁,甜
霸气火龙果,甜
茉香三兄弟,甜
柠檬水,甜
寒天,甜
蓝莓酸奶,甜
芋泥啵啵奶茶,甜
雀巢咖啡,甜
牛奶巧克力,甜
金桔柠檬,甜
日式肥牛饭,咸
红烧肉饭,咸
台式卤肉饭,咸
红烧牛腩饭,咸
日式咖喱鸡饭,辣
咖喱牛肉饭,辣
鱼香肉丝饭,咸
宫保鸡丁饭,咸
番茄牛腩饭,酸
孜然肉片饭,咸
番茄鸡蛋饭,酸
奥尔良鸡腿堡,咸
香辣鸡腿堡,辣
鸡米花,咸
薯条,咸
上校鸡块,咸
对翅,咸
格雷三兄弟,甜
芒果牛奶,甜
招牌椰果奶茶,甜
满杯百香果,甜
奥尔良堡,甜
美式冰咖啡,甜
草莓牛奶,甜
招牌金钻奶茶,甜
鱼香茄子饭,咸
梅菜扣肉饭,咸
沙拉鸡排饭,咸
蓝色天空,甜
水爆肚,鲜
招牌珍珠奶绿,甜
相思红豆抹茶,甜
柠檬橙汁,甜
水蜜桃酸奶,甜
熊猫果茶,甜
劲脆鸡腿堡,咸
阿政一品虾饺皇,鲜
经典腊味煲仔饭,咸
三文鱼蛋挞,鲜
百酱蒸凤爪,咸
牛油菠萝包,甜
干炒韭黄河粉,咸
港式秘制烧鸭,咸
叉烧时蔬炒饭,咸
白灼西生菜,咸
蜜汁叉烧肠粉,甜
酥皮蛋挞皇,咸
秘制豉汁蒸凤爪,咸
蜜汁秘制叉烧,甜
飘香榴莲酥,甜
白灼广东菜心,咸
姜葱白切鸡,咸
干炒牛肉河粉,咸
鲜虾韭黄肠粉,鲜
皮蛋瘦肉粥,咸
香茜牛肉肠粉,咸
吊烧排骨饭,咸
咖喱时蔬,辣
咖喱海鲜焗饭,鲜
金汁流沙包,甜
咖喱鱼蛋,咸
挂炉吊烧排骨,咸
澳门脆皮烧肉,咸
港式奶茶,甜
港式云吞面,咸
橄榄肉碎四季豆,咸
一品海鲜粥,鲜
咖喱虾,鲜
蜜汁叉烧包,甜
港式烧鸭粉,咸
金桔冬瓜茶,甜
冰激凌厚多士,甜
烧鸭煲仔饭,咸
港仕叉烧粉,咸
嘟嘟叉烧煲,咸
生炒菜心,咸
原蛊排骨凤爪蒸饭,咸
港仕佬鸭粉,咸
腊味炒米粉,咸
猪肚鸡,咸
烧味拼盘,咸
花旗参炖乌鸡,咸
秘制牛腩粉,咸
秘制吊炉烤鸭,咸
深井烧鹅,咸
猪肚鸡锅,咸
汤鸡煲翅三吃,鲜
漫巷一品煲,咸
牛骨髓麻婆豆腐,咸
潮州腌蟹,鲜
气泡葱花饼,咸
三宝腊味煲仔饭,咸
腊肉竹笋,咸
青笋虾仁,鲜
栗子烧黑椒牛仔骨,咸
鲜虾海胆豆腐,鲜
辣子鸡,辣
老巷子鱼头,鲜
果盘,甜
招牌桂鱼,咸
酸萝卜炒仔鸭,酸
白灼菜心,咸
小炒牛肉,咸
肉沫粉丝煲,咸
好柿花生,咸
黑豚肉蒸海蟹,鲜
清酒鹅肝,咸
黄鱼,鲜
生炒芥蓝苗,咸
黑椒藕遇杏鲍菇,咸
福袋墙,咸
烤乳鸽,咸
一品手抓羊排,鲜
香松芥末虾球,鲜
招牌猪肚煲鸡,咸
基围虾,鲜
清蒸多宝鱼,鲜
清蒸老虎斑,鲜
潮式卤水拼盘,咸
金牌玻璃乳鸽,咸
黑松露煎雪花牛,鲜
生日面,咸
蒜蓉蒸三蔬,咸
白灼罗马生菜,咸
碧绿椒麻螺头,辣
果香蔬菜沙拉,甜
港式白切鸡,咸
砂锅生焗荔浦芋儿梅肉,甜
红焖带皮东山羊,咸
鲍鱼汁鸡爪,咸
虾滑酱砂锅焗油豆角,咸
养生香芋芡实宝,甜
广式深井烧鹅,咸
香芒妙香虾球,鲜
金桔一品东坡肉,咸
上和福禄聚宝盆,咸
奶酪果脯焗玉米,甜
橙汁,甜
叉烧拼烧鸭,咸
自制奶茶,甜
蜜汁烧排骨,甜
烧腊三宝饭,咸
紫金蒸凤爪,咸
脆皮烧鸭,咸
虾饺皇,鲜
阿炳奶茶,甜
白灼西生菜,咸
白切鸡,咸
阿炳清汤,咸
开卫,甜
酸梅酱,酸
白灼菜心,咸
姜蓉,辣
叉烧肉糊糊边下酒零食,咸
烧鹅拼白富贵鸡饭,咸
深井烧鹅,咸
农夫山泉水,鲜
排骨烧暴富鸭饭,咸
排骨拼开心鸡饭,咸
元梅汤,酸
元蒸肉,咸
松仁排骨玉米蒸汤,咸
猪脚海带黄豆蒸汤,咸
元蛋,咸
元菜心,鲜
元蒸鲈鱼,鲜
鹿角菇排骨蒸汤,咸
元米饭,咸
炸豆腐,咸
油菜心,咸
墨西哥牛肉塔克,咸
猪油煎蛋,咸
元飯双猪肉热狗,咸
元飯美式烤猪排汉堡,咸
豆干,咸
黄金玉米,甜
鱼肉卷,鲜
火腿肠,咸
黑猪肉香肠,咸
脆排,咸
包心鱼丸,鲜
煎饺,咸
柠檬,甜
玉米片,甜
墨西哥鸡肉塔克,咸
英式红茶,甜
美年达橙味汽水,甜
德克萨斯烤恐龙猪肋排,咸
亨氏番茄酱,酸
墨西哥羊肉塔克,鲜
单个墨西哥猪肉塔克,咸
元饭美式炸洋葱圈,咸
元饭美式炸鱿鱼圈,鲜
元饭美式炸薯角,咸
西海岸炸薯条,咸
墨西哥炸鸡塔克taco,咸
yzdy酸梅汁,酸
蒸肉饭,咸
清蒸鲈鱼,鲜
墨西哥小饼酥,咸
美式猪肉肠,咸
墨西哥鸡肉卷,咸
墨西哥虾肉塔克,鲜
元饭美式炸鱼丸,鲜
美式烤猪肋排,咸
夸萨迪亚牛肉芝士饼Quesadilla,咸
水牛城烤鸡全翅,咸
水牛城牛仔手枪鸡腿,咸
怡宝矿泉水,鲜
柠檬燕麦虾球,鲜
锅包肉,咸
汆锅底,咸
火锅,咸
海胆豆腐,鲜
风味臭桂鱼,咸
山城毛血旺,辣
排骨虾,鲜
荷香牛肋骨,鲜
上汤花椒扣猴头,咸
冰城脆皮乳鸽,咸
避风塘帝王蟹,鲜
祖辈红烧肉,咸
乾坤大鱼头,鲜
萝卜,鲜
牛气冲天,咸
小米辽参,鲜
惹味大虾球,鲜
豉椒炒雪花牛肉粒,鲜
臭鲑鱼,咸
鹅卵石烤羊尾尖,鲜
苔味酥皮虾,鲜
砂锅西兰花,咸
奇妙大虾球,鲜
腊八蒜心管,咸
烧汁黄牛肉,咸
果盘,甜
干锅有机菜花,咸
花椒焗虎斑鱼,鲜
虾仁,鲜
清蒸桂鱼,鲜
小吊牛肉,鲜
香炸牛肉粒,咸
老坛三宝,酸
美颜蓝莓山药,甜
基围虾,鲜
健康小炒,咸
蒜香排骨,咸
1918干豆腐,咸
虎斑鱼（每斤）,鲜
老式烧鸡,咸
拔丝地瓜,甜
鲽鱼头,鲜
水爆肚,鲜
山东酥肉,咸
凉皮,咸
白云猪手,咸
金牌水煮鱼,辣
脱皮蚕蛹,咸
芥末鸭掌,辣
鱼翅捞饭,鲜
首创油爆虾,鲜
澳门鱼翅打边炉,鲜
首创奶露包,甜
招牌鲍鱼煲,甜
金牌脆皮乳鸽,咸
啫虾酱唐生菜,咸
古法碗仔翅,鲜
椒麻汁煮牛舌,咸
文昌鸡,咸
潮州卤水拼盘,咸
鲍汁凤爪,咸
麻酱凉皮牛肉,咸
酥皮和牛挞,咸
牛腩腐竹煲,咸
鸡毛菜,咸
樱桃鹅肝,甜
杨枝甘露,甜
榴莲卷,甜
酸奶,甜
榴莲泡芙,甜
特色打边炉,咸
牛蛙煲,辣
打边炉鱼翅,鲜
蒜蓉焗螺片,鲜
清远鸡,咸
酸萝卜炒粉,酸
清炒芦笋,咸
金牌鲍鱼堡,鲜
红烧牙拣翅,鲜
海胆水饺,鲜
小葱风味鱼肚,鲜
果盘,甜
招牌鲍鱼鲍,鲜
腊肉炒卷心菜,咸
蟹黄豆腐煲,鲜
陈年花雕卤蚕蛹,咸
生日面,咸
木瓜炖燕窝,甜
和牛蛋挞,咸
腐竹焖牛楠,咸
蒜蓉粉丝扇贝,鲜
帝王蟹,鲜
定胜糕,甜
单点捞饭,咸
清蒸石斑鱼,鲜
冰川茄子,酸
澳门鱼翅打边炉锅底,鲜
榴莲酥,甜
天鹅蛋,鲜
皇上皇辣味煲仔饭,辣
蒜香炸豆腐,咸
港式脆皮烧鸭,咸
杨枝甘露,甜
白切鸡,咸
烧腊三宝饭,咸
招牌港式烧鸭饭,咸
排骨腊味煲仔饭,咸
叉烧拼烧鸭饭,咸
白灼西生菜,咸
蜜汁叉烧饭,甜
口水鸡,咸
虾仁烧卖,鲜
梅菜笋丝,咸
麻辣豆芽,辣
卤水猪蹄,咸
港式炒饭,咸
星洲米粉,咸
三丝炒米粉,咸
卤水猪肘饭,咸
卤水猪蹄饭,咸
水晶虾饺,鲜
澳门烧肉饭,咸
烧腊四喜拼盘,咸
蒜香蒸排骨,咸
猪猪奶黄包,甜
干炒牛河,咸
客家盐焗鸡煲仔饭,咸
姜葱,辣
凉拌苦菊,咸
白灼菜心,咸
冰花酸梅酱,酸
叉烧煲仔饭,咸
烧鸭煲仔饭,咸
白切鸡饭,咸
叉烧拼切鸡饭,咸
手工丝袜奶茶,甜
满杯红西柚子,甜
雪媚娘,甜
柠檬小麦草,甜
澳门化皮烧肉,咸
酸辣无骨鸡爪,辣
烧鸭汁配米饭,咸
叉烧滑蛋饭,咸
烧肉拼烧鸭饭,咸
客家盐焗鸡,咸
蜜汁叉烧,甜
薯条,咸
腊味排骨三宝煲仔饭,咸
叉烧拼烧鸭,咸
金牌砂锅粥,咸
台式鸡,咸
虾蟹粥,鲜
风味杏鲍菇,咸
干锅土豆片,咸
脆皮乳鸽,咸
电烤羊肉串,鲜
海鲜粥,鲜
干炒牛河,咸
膏蟹粥,鲜
作废干锅鸭头,咸
黑椒石锅碟鱼头,鲜
作废烧汁鲈鱼,鲜
基围虾粥,鲜
桂花藕片,甜
黑椒澳洲牛仔骨,咸
金沙排骨,咸
碧绿笋丝,鲜
陈年吉利骨,咸
潮州炸果肉,甜
作废秋葵爆炒八爪鱼,鲜
作废锅包肉,咸
元贝娃娃菜粥,咸
极品拌菜,咸
卤水拼盘,咸
奶香馒头片,甜
一品茄子煲,咸
叉烧肉,咸
白灼秋葵,咸
海胆豆腐,鲜
酸辣土豆丝,辣
深井琵琶鸭,咸
澳门猪全肘,咸
肉末四季豆,咸
作废川香回锅肉,咸
小果盘,甜
招牌粥,咸
香炸龙利鱼,鲜
电烤羊排串,鲜
作废油条,咸
紫茄时蔬,鲜
蒜香小龙虾,鲜
蓝莓山药,甜
鹅肝酱焗茶树菇,咸
熏酱拼盘,咸
盐烤大虾,鲜
XO酱虾胶酿秋葵,咸
鸽子粥,咸
川蜀辣子鸡,辣
树椒土豆丝,辣
菠萝咕噜肉,咸
冰火菠萝油,甜
干炒牛河,咸
招牌鲜虾云吞面,鲜
超薄底水果披萨,甜
鱼香茄子堡,咸
明炉烧鸭,咸
深井烤鹅,咸
烧味拼盘,咸
三杯鸡,咸
果木烤澳洲牛扒,咸
笼仔水晶虾饺,鲜
蜂蜜厚多士,甜
兰桂坊炒饭,咸
谷饲牛扒红鱼双拼,鲜
非一般的鲈鱼,鲜
锡纸鲈鱼,鲜
酱烤杏鲍菇,咸
鲜榨奇异果汁,甜
芝士肉酱焗意粉,咸
客家煎酿豆腐煲,咸
萝卜焖牛腩,咸
芝士海鲜焗土豆泥,鲜
奶茶,甜
杨枝甘露,甜
果木原味肩胛牛扒,咸
香煎萝卜糕,咸
盐焗手撕鸡,咸
冰汁虾,鲜
椰子冻,甜
驰名白切鸡,咸
拿布里奶酪沙拉,甜
巴黎汁扒大虾,鲜
水煮鱼,鲜
罗宋汤,咸
白灼西生菜,咸
xo酱炒秋葵,咸
脆皮烧鸭,咸
果木香辣烧牛肋条,辣
剁椒蒸牛蛙,辣
西班牙海鲜炒饭,鲜
烧鹅,咸
金枕榴莲酥,甜
蒜蓉粉丝蒸扇贝,鲜
果木肩甲牛排,咸
兰桂坊小炒,咸
泰式冰汁虾,鲜
瑶柱滑鸡粥,甜
笼仔紫金凤爪,甜
黑糖排骨,甜
招牌三宝饭,咸
叉烧烧鸭白切鸡三拼,咸
烧鸭拼白切鸡,咸
白灼西生菜,咸
卤水鹅头,咸
蛋黄流沙包,甜
招牌脆皮烧鸭,咸
东记招牌港式奶茶,甜
明炉秘制叉烧,咸
咖喱鱼丸,鲜
豉油蒸鸡爪,咸
白灼广东菜心,咸
清远白切鸡饭,咸
虾饺皇,鲜
排骨拼烧鸭饭,咸
酸梅酱,酸
烧味双拼,咸
特色脆皮烧鸭饭,咸
香甜奶黄包,甜
秘制古法叉烧包,咸
元朗碧玉萝卜,鲜
肉沫酸豆角盖浇饭,酸
干烧鸭皮,咸
车仔面,咸
豉油鸡脖,咸
生卤豉油鸡头,咸
豉油鸡例,咸
叉烧拼豉油鸡饭,咸
叉烧拼烧鹅拼盘例,咸
卤水鹅翅,咸
白切鸡,咸
经典叉烧饭,咸
豉油鸡套饭,咸
烧煲鸭脖,咸
招牌烧腊拼盘,咸
白芍西生菜,咸
烧腊双拼饭,咸
清远白切鸡,咸
紫金蒸凤爪,咸
叉燒燒鴨雙拼飯,咸
燒鴨白切雞雙拼飯,咸
豉汁蒸排骨,咸
牛筋丸,咸
白灼廣東菜心,咸
白切雞例,咸
東記秘制叉燒肉例,咸
虾仁烧麦,鲜
东记古法深井烧鹅,咸
梅子柠檬茶,甜
可口可乐罐装,甜
广点四大天王之水晶虾饺皇,鲜
皮蛋瘦肉粥,咸
鼔汁蒸凤爪,咸
港式菠萝包,甜
?干炒牛河,咸
港式鲜虾云吞面,鲜
水晶虾饺皇,甜
蒜蓉蒸开边美白虾,鲜
咖喱虾,鲜
罗汉斋肠粉,咸
国民美玲粥,甜
深井烧鹅皇,甜
牛肉肠粉,咸
四角豆,咸
珍粥道虾蟹海八珍砂锅粥,鲜
自制秘制叉烧包,咸
状元及第粥,鲜
山药百合莲子粥,甜
烧味三拼,咸
豉油蒸排骨,咸
藜麦糯米干蒸麦,甜
老上海葱油面,咸
经典铁月饼,咸
时蔬肠粉,咸
黑金流沙包,甜
滋味汁淋鲜莲藕片,咸
芥末沙拉虾丸子,辣
三丝炒广东米粉,咸
百味珍粥,咸
广式酱香琵琶鸭,咸
海鲜炒饭,鲜
腊味笼仔蒸饭,咸
粤北竹笋干焖红烧肉,咸
荠菜春竹笋黄豆粥,咸
蜜汁叉烧皇,甜
民国美玲粥,甜
港式丝袜奶茶,甜
平桥豆腐,咸
素炒河粉,咸
花胶鱼肚周,鲜
红米鲜虾脆皮肠粉,鲜
火焰鲈鱼,鲜
白灼菜心,咸
水晶藜麦葫蓉饺,咸
传统糯米鸡,咸
VC宝宝粥,甜
东印咖喱乌骨鸡,咸
潮汕生滚蛎蝗美白虾砂锅粥,鲜
祛火苦荞麦粥,甜
潮汕卤水拼盘,咸
黯然销魂黑叉烧饭,咸
脆皮烤鸭饭,咸
吉祥卤三宝,咸
麻辣瓜条,辣
烤鸭拼白切鸡饭,咸
至尊狮头鹅全拼,咸
招牌黑叉烧,咸
狮头鹅黑叉烧拼,咸
隆江猪脚,咸
鹅肉拼鸭饭,咸
秘制鹅肝肠,咸
翠玉黄瓜,咸
潮汕小菜,咸
龙骨养生汤,咸
鹅肉黑叉烧饭,咸
黑椒香鸭饭,咸
招牌黑叉烧饭,咸
狮透鹅肉拼肘花饭,咸
吉祥三宝,咸
龙参汤,鲜
潮汕酸萝卜,酸
金奖狮头鹅肉三拼饭,咸
潮汕卤肉饭,咸
卤味三宝,咸
潮州小菜,咸
酸辣海带根,辣
至尊拼盘,咸
白斩鸡,咸
儿童餐,咸
卤味双拼,咸
手工丝袜奶茶,甜
潮汕手工牛肉丸,咸
稻花香2号,鲜
金奖黑叉烧拼鹅肉饭,咸
金钱肚拼肥肠,咸
卤水豆腐,咸
巧拌甘蓝,咸
卤味鸡腿饭,咸
卤味鹅翅,咸
白斩清远鸡,咸
自制辣椒酱,辣
鲜虾砂锅粥,鲜
白灼西生菜,咸
肥肠拼金钱肚卤味饭,咸
鹅肉拼黑椒鸭饭,咸
邻居价白灼菜心,咸
叉烧包,咸
鹅肉拼鸭腿饭,咸
员工价丝袜奶茶,甜
鹅粉肝,咸
卤味狮头鹅肉,咸
醋辣海带根,辣
卤味宝贝心肝,咸
柠檬无骨鸡爪,咸
隆江猪肘,咸
荔枝气泡水,甜
白桃乌龙茶气泡水,甜
卤味鹅珍,咸
卤味豆腐花生,咸
卤味猪脚,咸
招牌酱香鸭,咸
卤味狮头鹅鹅头,咸
金桔冬瓜茶,甜
鲜卤狮子头,咸
港式牛杂面,咸
八府香鸭,咸
功夫腊味煲仔饭,咸
茶树菇肥牛粒,咸
招牌八府酱鸭,咸
椒盐排骨,咸
开胃南瓜粥,甜
铁板虾仁,鲜
八府拌菜,咸
西芹百合山药,咸
啫啫走地鸡,咸
萝卜牛腩煲,咸
干锅土豆片,咸
啫啫牛蛙,咸
金沙蒜蓉焗大虾,鲜
避风塘大虾,鲜
白灼西生菜,咸
金牌香汁茄柳,咸
健康大饼,咸
炭烧牛仔肉,咸
豉汁蒸多宝鱼,鲜
麻辣千层肚,辣
鸿运当头,咸
荷叶豉汁蒸排骨,咸
烧酿香菇,咸
秘制椒盐黑豆腐,咸
盐水广东菜心,咸
冻梨,甜
功夫豉汁排骨饭,咸
萝卜丝馅饼,咸
噘噘豆角肉皮,咸
烤鸭,咸
豉汁蒸老虎斑/斤,鲜
客家豆腐,咸
马家沟芹菜兰豆炒,咸
虾仁炒广东米粉,鲜
香煎血肠,咸
四九城铁板虾仁,鲜
周大爷干炸手工丸子,咸
毛血旺,辣
鲜虾养生芡实煲,鲜
菠萝古老鸡丁,甜
小炒猪手,咸
啫啫黄鳝,鲜
啫啫安格斯牛仔骨,咸
黄米凉糕,甜
嘟嘟牛蛙,咸
蓝莓糯米藕,甜
香葱野生菌,鲜
啫啫三样,咸
湘味有机菜花,咸
深井烧鹅,咸
干炒牛河,咸
咖喱大虾,鲜
铁板烧汁黄花鱼,鲜
港式烧鸭,咸
爽滑牛肉肠粉,咸
腊味煲仔饭,咸
金枪鱼沙拉,鲜
一口酥豆腐,咸
紫衣腰金,咸
烧味双拼,咸
台湾鸡,咸
白灼菜心,咸
三杯鸡,咸
百酱蒸凤爪,咸
呼伦贝尔羊排,鲜
四角豆,咸
秘制炭烧猪颈肉,咸
港式柠檬茶,甜
韭黄鲜虾肠,酸
芦笋,鲜
酸汤肥牛,酸
鲜果榴莲天鹅酥,甜
水煮牛肉,辣
脆皮海苔虾,鲜
蛰皮拌白菜心,鲜
蟹黄烧麦,鲜
澳门烧肉,咸
水果冰淇淋蛋仔,甜
米饭,鲜
黄金虾球,鲜
酸菜鱼,酸
海皇炒饭,鲜
清蒸石斑鱼,鲜
避风塘焗虾,鲜
沙姜猪手,咸
烧鹅仔,咸
清蒸白切鸡,咸
椒盐鸭下巴,咸
枝竹牛排煲,咸
秘制叉烧,咸
双味双菌菇,鲜
黑松熏酱豆腐,咸
老火靓汤,咸
菠萝咕咾肉,甜
毛血旺,辣
皮蛋瘦肉粥,甜
烧汁白玉菇,咸
捞汁什锦,咸
冰面包诱惑,甜
宴遇虾饺皇,鲜
蒜蓉粉丝蒸娃娃菜,咸
香煎法式鹅肝,咸
吊烧琵琶鸭,咸
干炒牛河,咸
蒜蓉粉丝蒸海虾,鲜
清蒸多宝鱼,鲜
葡港炒虾,鲜
辣根牛仔骨,辣
西梅蒸排骨,咸
茶树菇炒爽肉,咸
广式红豆沙,甜
咖喱海鲜煲,鲜
安格斯肋眼牛扒,鲜
潮州海鲜粥,鲜
港式咸香猪手,咸
潮式卤水豆腐,咸
化皮烧肉,咸
牛油焗大虾,鲜
澳门菠萝包,甜
胡椒猪肚鸡火锅,咸
波士顿龙虾,鲜
明炉深井烧鹅,咸
港式三杯鸡,咸
避风塘炒虾冰蟹将,鲜
龙虾汤泡饭,鲜
海鲜咖喱焗饭,鲜
白灼西生菜,咸
深海鱼焗饭,鲜
红豆双皮奶,甜
香煎大连鲍,鲜
相思煎饼,咸
和味菌菇嫩鸭柳,咸
腊味煲仔饭,咸
松鼠海鲈鱼,鲜
黑椒菇仔牛肉粒,咸
红烧乳鸽,咸
腊味炒芥兰,咸
咖喱牛腩,咸
韭菜煎饺,咸
干锅菜花,咸
蜜汁叉烧,甜
锡纸焗大鲈鱼,鲜
海鲜意大利面,咸
金桔水果茶,甜
蜂蜜百香果,甜
深井卤鹅,咸
潮州卤鹅饭,咸
百合拌云耳,咸
寿司拼盘,鲜
鲜虾金沙红粉米肠粉,鲜
手工奶茶,甜
卤水鸭翅,咸
酥皮拉丝蛋挞,甜
半油菠萝包,甜
姜葱白切鸡,咸
澳门脆皮烧肉,咸
卦炉吊烧排骨,咸
卤水鹅翅,咸
烧鸭煲仔饭,咸
橄榄肉碎四季豆,咸
金桔冬瓜茶,甜
卤水大肠,咸
鸡蛋时蔬炒饭,咸
秘制烧鸭饭,咸
香菇滑鸡煲仔饭,咸
阿政隆江猪脚饭,咸
秘制牛腩粉,咸
冰淇淋厚多士,甜
蜜汁叉烧包,甜
咖喱鱼丸,鲜
酥皮蛋挞皇,咸
牛油菠萝包,甜
白灼广东菜心,咸
自制酸梅汁,酸
脆皮红烧乳鸽,咸
秘制吊炉烧鸭,咸
卤水鸭掌,咸
港式烧鸭粉,咸
干炒牛河,咸
三丝炒米粉,咸
港士叉烧粉,咸
吊烧鸭腿粉,咸
蜜汁叉烧肠粉,甜
蜜汁鼓汁蒸鸡爪,甜
飘香榴莲酥,甜
牛肉粥,咸
香菇青菜粥,咸
皮蛋瘦肉粥,咸
生炒菜心,咸
蜜汁秘制叉烧,甜
卤水鹅肉,咸
叉烧时蔬炒饭,咸
咖喱海鲜焗饭,鲜
烧鸭拼叉烧饭,咸
香茜牛肉肠粉,咸
养生一品老火靓汤,咸
自制牛肉丸,咸
金汁流沙包,甜
剁椒蒸鱼头,辣
腊味煲仔饭,甜
秘制豉油蒸鸡爪,咸
咖喱时蔬,辣
一品虾饺皇,鲜
烧腊拼盘,咸
三文鱼蛋挞,鲜
金枯冬瓜茶,甜
奶茶,甜
鸡蛋肠粉,咸
蜜汁秘制叉烧,甜
干炒牛河,咸
姜葱白切鸡,咸
港式云吞汤米粉,咸
手打牛肉丸,咸
秘制脆皮烧鸭,咸
鲜虾韭黄肠粉,鲜
蜜汁叉烧肠粉,甜
烧味三拼,咸
白灼广东菜心,咸
例汤,咸
白灼西生菜,咸
秘制脆皮烧鸭饭,咸
牛油菠萝包,甜
豉汁蒸排骨,咸
咖喱鱼蛋,辣
叉烧时蔬炒饭,咸
甜辣辣椒酱,辣
飘香榴莲酥,甜
蟹子烧卖皇,鲜
莲藕排骨汤,咸
滋补养生猪肚鸡煲,咸
三丝炒米粉,咸
云吞面,咸
辣椒油,辣
拌饭汁,咸
艇仔粥,咸
可乐,甜
鲜虾粥,鲜
酥皮蛋挞皇,咸
咖喱海鲜焗饭,鲜
咖喱虾,鲜
金汁流沙包,甜
烧鸭煲仔饭,咸
顺德凉拌鱼皮,咸
蜜汁叉烧包,甜
剁椒蒸鱼头,辣
生炒菜心,咸
蜜汁鼓汁蒸鸡爪,甜
卤水鹅肉,咸
脆皮红烧乳鸽,咸
干炒牛河,咸
虾蛋炒米粉,咸
虾饺皇,鲜
豉汁蒸排骨,咸
豉汁凤爪,咸
叉烧饭,咸
开口笑叉烧包,咸
肉丝炒河粉,咸
蛋黄流沙包,甜
蟹籽烧麦,鲜
四喜虾饺,鲜
例汤,咸
鸡蛋肠粉,咸
叉烧肉炒饭,咸
牛肉丸汤,咸
灌汤包,咸
叉烧肉肠粉,咸
手打牛肉丸河粉,咸
虾仁炒饭,鲜
鲜虾炒米粉,鲜
雀巢咖啡,甜
蘑菇豆沙包,甜
腊肠炒饭,咸
蛋炒河粉,咸
核桃包,甜
肘花,咸
红烧牛腩,咸
蒜蓉酱,辣
培根肉炒米粉,咸
培根肉炒饭,咸
手打猪肉丸汤,咸
老干妈炒饭,辣
蒜香秋葵,咸
白灼菜心,咸
中华海藻,鲜
椰汁,甜
冰镇杨梅,甜
至尊虾仁烧卖,鲜
虾仁肠粉,鲜
桂花糕,甜
小酥肉,咸
湾仔咖喱鱼丸,鲜
沙茶酱,咸
金米海参,鲜
蜜汁叉烧包,甜
豉汁排骨,咸
牛骨仔黑椒,咸
虾仁烧麦,鲜
辣椒油,辣
白灼西生菜,咸
鱼丸,鲜
招牌萝卜牛杂,咸
萝卜牛杂饭,咸
魔芋,鲜
鸭血,鲜
豆泡,咸
手打牛筋丸,咸
特色车仔面,咸
骨汤萝卜,咸
毛血旺,辣
卤蛋,咸
猪脚饭,咸
伍妹海苔饭,咸
青梅绿茶,甜
伍妹秘制辣酱,辣
萝卜面筋,咸
自制辣椒酱辣哭小萝莉,辣
净萝卜,鲜
净牛杂,鲜
咖喱鸡肉,咸
鸡排,咸
卤肉饭,咸
牛骨汤,咸
港式油面筋,咸
骨汤素什锦,鲜
广式滑蛋虾仁,鲜
广式豉油鸡爪,咸
潮州卤水拼盘,咸
广式滋补营养例汤,鲜
豉油排骨,咸
广式烧卖,咸
上汤娃娃菜,咸
广式蒜蓉菜心,咸
香拌无骨鸡爪,咸
麻辣牛板筋,辣
广式深井烧鹅,咸
广式潮莲烧鸭,咸
特色烤鸡,咸
梅菜扣肉,咸
德式烤肘子,咸
家常凉菜,咸
蒜拌海带丝,咸
毛豆,鲜
无矾油条,咸
坚果菠菜,咸
水果罐头,甜
蛋挞,甜
奥尔良翅中,咸
老虎菜,辣
素拍黄瓜,咸
干贝沁汁菠菜,咸
芹菜花生米,咸
炝土豆丝,咸
莓园蛋糕,甜
香颂蛋糕,甜
芒果茫茫蛋糕,甜
榴莲香雪蛋糕,甜
葱油螺片,鲜
海鲜咖喱炒饭,鲜
酱油炒饭,咸
牛心菜爆虾蛄,鲜
铁板锡纸鲈鱼,鲜
洋葱圈,鲜
虾饺皇,鲜
传统肉酱意面,咸
果蔬沙拉,甜
黑椒鸡块,咸
港式卤水花生,咸
港式叉烧肠粉,咸
腊味荷兰豆,咸
广式流沙包,甜
醋花生米,酸
鱿鱼圈,鲜
意式培根披萨,咸
德式薯拼,咸
东坡小牛肉,鲜
香煎莲藕饼,咸
清蒸蒸多宝鱼,鲜
金汤小米海参,鲜
避风塘炒蟹,鲜
黄桃锅包肉,甜
黄金勾炖五花肉,咸
板筋肉炒香芹,咸
农家小炒肉,咸
豉椒牛仔粒,辣
袍蓝牛仔粒,咸
生炒菜心,咸
粉丝贝,鲜
黄酒黄花鱼,鲜
三丝海皇羹,鲜
蒜香小龙虾,咸
水饺两款,咸
榛蘑炖肘花,咸
蛋煎生蚝烙,鲜
脆皮古典鸡,咸
清蒸老虎斑,鲜
粉丝大扇贝,鲜
三文鱼冰虾,鲜
养生功夫汤,咸
脆皮BB鸭,咸
水果,甜
地三鲜,鲜
三鲜水饺,鲜
浓汤煮鱼腐,鲜
香煎瑶柱葱油饼,咸
铁板牛仔骨,咸
白灼西生菜,咸
果盘,甜
扬州炒饺,咸
小米皮冻,咸
家常拌菜,咸
冰草穿心莲,甜
俄罗斯冻甜虾,鲜
五香牛腱,咸
上海生煎包,咸
上汤浸时蔬,咸
麻辣鸭头,辣
老式烧鸡,咸
麻辣花甲,辣
麻辣龙虾尾,辣
脆皮乳鸽,咸
麻辣鸭舌,辣
韭黄鲜虾肠,鲜
叉烧包,咸
腊味煲仔饭,咸
蜜汁叉烧饭,甜
三宝饭,咸
脆皮烧鸭饭,咸
叉烧p拼烤肉饭,咸
深井烧鹅饭,咸
澳门烧肉,咸
卤水鸭掌翅,咸
奶黄流沙包,甜
